TURNO;NOME_AGENTE;COR_PECA;PLY_TIME;MAX DEPTH; MAX BRANCH; BFACTOR; TOTAL_NODES;RESULTADO;
1;MINIMAX;1;0.074;4;16;11.0;13602; ;
2;MINIMAX;2;0.052;4;19;13.0;19638; ;
3;MINIMAX;1;0.093;4;20;14.0;34205; ;
4;MINIMAX;2;0.122;4;21;13.0;42734; ;
5;MINIMAX;1;0.091;4;23;15.0;45274; ;
6;MINIMAX;2;0.129;4;22;16.0;69084; ;
7;MINIMAX;1;0.072;4;21;13.0;47826; ;
8;MINIMAX;2;0.049;4;21;14.0;37036; ;
9;MINIMAX;1;0.04;4;20;12.0;31000; ;
10;MINIMAX;2;0.055;4;23;16.0;40346; ;
11;MINIMAX;1;0.103;4;23;14.0;79361; ;
12;MINIMAX;2;0.118;4;25;16.0;84921; ;
13;MINIMAX;1;0.109;4;22;15.0;68790; ;
14;MINIMAX;2;0.056;4;24;15.0;42988; ;
15;MINIMAX;1;0.052;4;21;13.0;37654; ;
16;MINIMAX;2;0.03;4;19;12.0;21604; ;
17;MINIMAX;1;0.037;4;21;13.0;29674; ;
18;MINIMAX;2;0.052;4;20;14.0;35579; ;
19;MINIMAX;1;0.036;4;19;13.0;25922; ;
20;MINIMAX;2;0.028;4;19;12.0;21604; ;
21;MINIMAX;1;0.044;4;21;13.0;29674; ;
22;MINIMAX;2;0.047;4;20;14.0;35579; ;
23;MINIMAX;1;0.037;4;19;13.0;25922; ;
24;MINIMAX;2;0.032;4;19;12.0;21604; ;
25;MINIMAX;1;0.037;4;21;13.0;29674; ;
26;MINIMAX;2;0.054;4;21;13.0;43026; ;
27;MINIMAX;1;0.051;4;21;14.0;35467; ;
28;MINIMAX;2;0.05;4;18;13.0;26319; ;
29;MINIMAX;1;0.043;4;22;14.0;32869; ;
30;MINIMAX;2;0.039;4;19;13.0;30316;EMPATE;
1;MINIMAX;2;0.018;4;16;11.0;13602; ;
2;MINIMAX;1;0.027;4;19;12.0;19624; ;
3;MINIMAX;2;0.045;4;20;14.0;31692; ;
4;MINIMAX;1;0.094;4;23;15.0;56230; ;
5;MINIMAX;2;0.07;4;22;14.0;49080; ;
6;MINIMAX;1;0.077;4;26;17.0;61744; ;
7;MINIMAX;2;0.086;4;25;12.0;56794; ;
8;MINIMAX;1;0.069;4;27;19.0;51882; ;
9;MINIMAX;2;0.063;4;26;10.0;50839; ;
10;MINIMAX;1;0.029;4;25;16.0;23657; ;
11;MINIMAX;2;0.05;4;25;11.0;39749; ;
12;MINIMAX;1;0.057;4;26;17.0;39437; ;
13;MINIMAX;2;0.065;4;26;12.0;51139; ;
14;MINIMAX;1;0.047;4;23;14.0;32781; ;
15;MINIMAX;2;0.035;4;21;12.0;28390; ;
16;MINIMAX;1;0.051;4;26;16.0;40728; ;
17;MINIMAX;2;0.068;4;23;13.0;54403; ;
18;MINIMAX;1;0.038;4;22;13.0;29007; ;
19;MINIMAX;2;0.04;4;21;13.0;30318; ;
20;MINIMAX;1;0.047;4;25;16.0;37115; ;
21;MINIMAX;2;0.066;4;24;13.0;49286; ;
22;MINIMAX;1;0.05;4;25;16.0;39456; ;
23;MINIMAX;2;0.058;4;24;12.0;44177; ;
24;MINIMAX;1;0.042;4;22;15.0;32841; ;
25;MINIMAX;2;0.04;4;20;12.0;31993; ;
26;MINIMAX;1;0.032;4;24;15.0;24595; ;
27;MINIMAX;2;0.049;4;20;13.0;37009; ;
28;MINIMAX;1;0.059;4;21;15.0;43597; ;
29;MINIMAX;2;0.066;4;22;15.0;52061;VITORIA;
1;MINIMAX;1;0.021;4;16;11.0;13602; ;
2;MINIMAX;2;0.026;4;19;12.0;19624; ;
3;MINIMAX;1;0.041;4;20;14.0;31692; ;
4;MINIMAX;2;0.072;4;23;15.0;56038; ;
5;MINIMAX;1;0.066;4;22;14.0;50773; ;
6;MINIMAX;2;0.081;4;26;17.0;61744; ;
7;MINIMAX;1;0.071;4;25;12.0;56794; ;
8;MINIMAX;2;0.065;4;27;19.0;51882; ;
9;MINIMAX;1;0.08;4;26;12.0;62500; ;
10;MINIMAX;2;0.038;4;25;16.0;30717; ;
11;MINIMAX;1;0.043;4;24;11.0;31821; ;
12;MINIMAX;2;0.051;4;23;15.0;38258; ;
13;MINIMAX;1;0.079;4;21;14.0;58698; ;
14;MINIMAX;2;0.069;4;23;17.0;53462; ;
15;MINIMAX;1;0.093;4;22;14.0;70232; ;
16;MINIMAX;2;0.07;4;22;15.0;51789; ;
17;MINIMAX;1;0.047;4;21;12.0;37475; ;
18;MINIMAX;2;0.057;4;22;15.0;43427; ;
19;MINIMAX;1;0.059;4;21;13.0;46528; ;
20;MINIMAX;2;0.054;4;23;16.0;41066; ;
21;MINIMAX;1;0.048;4;22;13.0;37904; ;
22;MINIMAX;2;0.035;4;21;14.0;27502; ;
23;MINIMAX;1;0.033;4;21;12.0;26915; ;
24;MINIMAX;2;0.039;4;20;15.0;31640; ;
25;MINIMAX;1;0.05;4;20;13.0;39152; ;
26;MINIMAX;2;0.049;4;19;14.0;36716; ;
27;MINIMAX;1;0.043;4;22;15.0;32800;VITORIA;
1;MINIMAX;2;0.021;4;16;11.0;13602; ;
2;MINIMAX;1;0.025;4;19;13.0;19638; ;
3;MINIMAX;2;0.043;4;20;14.0;34205; ;
4;MINIMAX;1;0.055;4;21;13.0;42734; ;
5;MINIMAX;2;0.057;4;23;15.0;45274; ;
6;MINIMAX;1;0.091;4;22;16.0;69084; ;
7;MINIMAX;2;0.06;4;21;13.0;47826; ;
8;MINIMAX;1;0.048;4;21;14.0;37036; ;
9;MINIMAX;2;0.04;4;20;12.0;31000; ;
10;MINIMAX;1;0.055;4;23;16.0;40346; ;
11;MINIMAX;2;0.052;4;21;12.0;40645; ;
12;MINIMAX;1;0.051;4;20;14.0;21690; ;
13;MINIMAX;2;0.033;4;19;11.0;21749; ;
14;MINIMAX;1;0.027;4;20;13.0;19221; ;
15;MINIMAX;2;0.031;4;20;12.0;23020;VITORIA;
1;MINIMAX;1;0.018;4;16;11.0;13602; ;
2;MINIMAX;2;0.024;4;19;13.0;19638; ;
3;MINIMAX;1;0.042;4;20;14.0;34205; ;
4;MINIMAX;2;0.053;4;20;13.0;41096; ;
5;MINIMAX;1;0.059;4;23;16.0;46937; ;
6;MINIMAX;2;0.109;4;23;15.0;84630; ;
7;MINIMAX;1;0.102;4;24;14.0;79159; ;
8;MINIMAX;2;0.083;4;24;16.0;64675; ;
9;MINIMAX;1;0.051;4;23;13.0;41718; ;
10;MINIMAX;2;0.053;4;21;15.0;40019; ;
11;MINIMAX;1;0.044;4;21;11.0;34545; ;
12;MINIMAX;2;0.043;4;25;16.0;32916; ;
13;MINIMAX;1;0.047;4;21;12.0;37788; ;
14;MINIMAX;2;0.043;4;23;14.0;32686; ;
15;MINIMAX;1;0.038;4;20;13.0;28637; ;
16;MINIMAX;2;0.04;4;20;14.0;31525; ;
17;MINIMAX;1;0.04;4;20;14.0;30649; ;
18;MINIMAX;2;0.048;4;22;14.0;35507; ;
19;MINIMAX;1;0.067;4;22;13.0;41165; ;
20;MINIMAX;2;0.038;4;20;13.0;27723; ;
21;MINIMAX;1;0.029;4;18;12.0;21951; ;
22;MINIMAX;2;0.038;4;23;14.0;31044; ;
23;MINIMAX;1;0.049;4;22;13.0;39514; ;
24;MINIMAX;2;0.035;4;20;13.0;27723; ;
25;MINIMAX;1;0.029;4;18;12.0;21951; ;
26;MINIMAX;2;0.039;4;24;15.0;31611; ;
27;MINIMAX;1;0.053;4;22;13.0;41763; ;
28;MINIMAX;2;0.057;4;24;16.0;44948; ;
29;MINIMAX;1;0.053;4;22;12.0;42492; ;
30;MINIMAX;2;0.046;4;25;17.0;34812;EMPATE;
1;MINIMAX;2;0.02;4;16;11.0;13602; ;
2;MINIMAX;1;0.027;4;19;12.0;19624; ;
3;MINIMAX;2;0.042;4;20;14.0;31692; ;
4;MINIMAX;1;0.074;4;23;15.0;56038; ;
5;MINIMAX;2;0.065;4;22;14.0;50773; ;
6;MINIMAX;1;0.081;4;26;17.0;61744; ;
7;MINIMAX;2;0.074;4;25;12.0;56794; ;
8;MINIMAX;1;0.067;4;27;19.0;51882; ;
9;MINIMAX;2;0.062;4;26;10.0;50839; ;
10;MINIMAX;1;0.031;4;25;16.0;23657; ;
11;MINIMAX;2;0.05;4;25;11.0;39749; ;
12;MINIMAX;1;0.052;4;26;17.0;39437; ;
13;MINIMAX;2;0.068;4;26;12.0;51139; ;
14;MINIMAX;1;0.044;4;23;14.0;32781; ;
15;MINIMAX;2;0.04;4;21;12.0;28390; ;
16;MINIMAX;1;0.053;4;26;16.0;40728; ;
17;MINIMAX;2;0.071;4;23;13.0;54403; ;
18;MINIMAX;1;0.04;4;22;13.0;29007; ;
19;MINIMAX;2;0.043;4;21;13.0;30318; ;
20;MINIMAX;1;0.048;4;25;16.0;37115; ;
21;MINIMAX;2;0.063;4;24;13.0;49286; ;
22;MINIMAX;1;0.052;4;25;16.0;39456; ;
23;MINIMAX;2;0.058;4;24;12.0;44177; ;
24;MINIMAX;1;0.043;4;22;15.0;32841; ;
25;MINIMAX;2;0.051;4;22;12.0;40956; ;
26;MINIMAX;1;0.082;4;25;17.0;51298; ;
27;MINIMAX;2;0.058;4;24;11.0;45935; ;
28;MINIMAX;1;0.036;4;25;18.0;27956; ;
29;MINIMAX;2;0.053;4;25;11.0;42397; ;
30;MINIMAX;1;0.046;4;24;17.0;34587;EMPATE;
1;MINIMAX;1;0.019;4;16;11.0;13602; ;
2;MINIMAX;2;0.028;4;19;13.0;19638; ;
3;MINIMAX;1;0.042;4;20;14.0;34205; ;
4;MINIMAX;2;0.054;4;20;13.0;41096; ;
5;MINIMAX;1;0.061;4;23;16.0;46937; ;
6;MINIMAX;2;0.11;4;23;15.0;84630; ;
7;MINIMAX;1;0.084;4;22;16.0;64392; ;
8;MINIMAX;2;0.104;4;25;17.0;81501; ;
9;MINIMAX;1;0.092;4;22;14.0;72159; ;
10;MINIMAX;2;0.081;4;26;17.0;62819; ;
11;MINIMAX;1;0.098;4;22;13.0;74592; ;
12;MINIMAX;2;0.077;4;24;14.0;48684; ;
13;MINIMAX;1;0.046;4;22;14.0;37603; ;
14;MINIMAX;2;0.033;4;21;13.0;25945; ;
15;MINIMAX;1;0.063;4;22;15.0;37480; ;
16;MINIMAX;2;0.06;4;21;13.0;47163; ;
17;MINIMAX;1;0.034;4;20;13.0;26266; ;
18;MINIMAX;2;0.038;4;20;13.0;29769; ;
19;MINIMAX;1;0.037;4;22;14.0;27786; ;
20;MINIMAX;2;0.046;4;21;13.0;35274; ;
21;MINIMAX;1;0.058;4;26;17.0;44390; ;
22;MINIMAX;2;0.059;4;21;12.0;45074; ;
23;MINIMAX;1;0.035;4;22;14.0;27786; ;
24;MINIMAX;2;0.047;4;21;13.0;35274; ;
25;MINIMAX;1;0.058;4;26;17.0;44390; ;
26;MINIMAX;2;0.057;4;21;12.0;45074; ;
27;MINIMAX;1;0.038;4;22;14.0;27786; ;
28;MINIMAX;2;0.044;4;21;13.0;35274; ;
29;MINIMAX;1;0.059;4;26;17.0;44390; ;
30;MINIMAX;2;0.057;4;21;12.0;45074;EMPATE;
1;MINIMAX;2;0.019;4;16;11.0;13602; ;
2;MINIMAX;1;0.025;4;19;13.0;19638; ;
3;MINIMAX;2;0.046;4;20;14.0;34205; ;
4;MINIMAX;1;0.054;4;20;13.0;41096; ;
5;MINIMAX;2;0.062;4;23;16.0;46937; ;
6;MINIMAX;1;0.066;4;23;12.0;51026; ;
7;MINIMAX;2;0.052;4;20;15.0;40018; ;
8;MINIMAX;1;0.041;4;19;12.0;29666; ;
9;MINIMAX;2;0.028;4;18;12.0;21796; ;
10;MINIMAX;1;0.05;4;22;14.0;39072; ;
11;MINIMAX;2;0.036;4;20;12.0;28741; ;
12;MINIMAX;1;0.04;4;25;16.0;29449; ;
13;MINIMAX;2;0.057;4;23;12.0;44434; ;
14;MINIMAX;1;0.043;4;22;15.0;33026; ;
15;MINIMAX;2;0.041;4;21;12.0;32078; ;
16;MINIMAX;1;0.036;4;24;16.0;24639; ;
17;MINIMAX;2;0.039;4;24;11.0;29695; ;
18;MINIMAX;1;0.023;4;22;14.0;17414; ;
19;MINIMAX;2;0.042;4;20;13.0;32509; ;
20;MINIMAX;1;0.037;4;22;14.0;27937; ;
21;MINIMAX;2;0.03;4;20;11.0;21389; ;
22;MINIMAX;1;0.027;4;25;15.0;20858; ;
23;MINIMAX;2;0.045;4;25;11.0;33193; ;
24;MINIMAX;1;0.044;4;22;16.0;32473; ;
25;MINIMAX;2;0.042;4;20;12.0;31916; ;
26;MINIMAX;1;0.038;4;22;14.0;27180; ;
27;MINIMAX;2;0.063;4;21;13.0;47507;VITORIA;
1;MINIMAX;1;0.019;4;16;11.0;13602; ;
2;MINIMAX;2;0.025;4;19;13.0;19638; ;
3;MINIMAX;1;0.045;4;20;14.0;34205; ;
4;MINIMAX;2;0.053;4;20;13.0;41096; ;
5;MINIMAX;1;0.062;4;23;16.0;46937; ;
6;MINIMAX;2;0.112;4;23;15.0;84630; ;
7;MINIMAX;1;0.103;4;24;14.0;79159; ;
8;MINIMAX;2;0.084;4;24;16.0;64675; ;
9;MINIMAX;1;0.071;4;22;14.0;56256; ;
10;MINIMAX;2;0.056;4;23;15.0;44707; ;
11;MINIMAX;1;0.056;4;20;13.0;41928; ;
12;MINIMAX;2;0.055;4;24;16.0;42256; ;
13;MINIMAX;1;0.07;4;22;12.0;53058; ;
14;MINIMAX;2;0.082;4;24;16.0;64457; ;
15;MINIMAX;1;0.072;4;24;13.0;58308; ;
16;MINIMAX;2;0.07;4;24;16.0;53174; ;
17;MINIMAX;1;0.086;4;24;13.0;69874; ;
18;MINIMAX;2;0.091;4;26;18.0;62049; ;
19;MINIMAX;1;0.072;4;24;13.0;58308;VITORIA;
1;MINIMAX;2;0.018;4;16;11.0;13602; ;
2;MINIMAX;1;0.026;4;19;12.0;19624; ;
3;MINIMAX;2;0.044;4;20;14.0;31692; ;
4;MINIMAX;1;0.072;4;23;15.0;56038; ;
5;MINIMAX;2;0.062;4;22;14.0;50773; ;
6;MINIMAX;1;0.078;4;26;17.0;61744; ;
7;MINIMAX;2;0.073;4;25;12.0;56794; ;
8;MINIMAX;1;0.067;4;27;19.0;51882; ;
9;MINIMAX;2;0.112;4;25;13.0;89079; ;
10;MINIMAX;1;0.096;4;26;17.0;60859; ;
11;MINIMAX;2;0.095;4;25;14.0;76136; ;
12;MINIMAX;1;0.063;4;23;15.0;49557; ;
13;MINIMAX;2;0.073;4;22;15.0;57569; ;
14;MINIMAX;1;0.075;4;24;15.0;56929; ;
15;MINIMAX;2;0.059;4;21;14.0;46583; ;
16;MINIMAX;1;0.065;4;23;15.0;50720; ;
17;MINIMAX;2;0.049;4;22;11.0;37603; ;
18;MINIMAX;1;0.031;4;24;16.0;22269; ;
19;MINIMAX;2;0.033;4;24;10.0;25988; ;
20;MINIMAX;1;0.018;4;23;14.0;13609; ;
21;MINIMAX;2;0.026;4;20;10.0;16352; ;
22;MINIMAX;1;0.017;4;18;13.0;11803; ;
23;MINIMAX;2;0.024;4;18;10.0;18484; ;
24;MINIMAX;1;0.014;4;17;12.0;9254; ;
25;MINIMAX;2;0.013;4;17;8.0;9835; ;
26;MINIMAX;1;0.014;4;19;13.0;11239; ;
27;MINIMAX;2;0.019;4;18;9.0;15037; ;
28;MINIMAX;1;0.029;4;23;15.0;23521; ;
29;MINIMAX;2;0.036;4;22;10.0;26603; ;
30;MINIMAX;1;0.042;4;22;15.0;31631;EMPATE;
1;MINIMAX;1;0.022;4;16;11.0;13602; ;
2;MINIMAX;2;0.026;4;19;12.0;19624; ;
3;MINIMAX;1;0.042;4;20;14.0;31692; ;
4;MINIMAX;2;0.072;4;23;15.0;56038; ;
5;MINIMAX;1;0.066;4;22;14.0;50773; ;
6;MINIMAX;2;0.082;4;26;17.0;61744; ;
7;MINIMAX;1;0.072;4;25;12.0;56794; ;
8;MINIMAX;2;0.066;4;27;19.0;51882; ;
9;MINIMAX;1;0.082;4;26;12.0;62500; ;
10;MINIMAX;2;0.041;4;25;16.0;30717; ;
11;MINIMAX;1;0.041;4;24;11.0;31821; ;
12;MINIMAX;2;0.037;4;22;14.0;27717; ;
13;MINIMAX;1;0.066;4;21;13.0;50307; ;
14;MINIMAX;2;0.052;4;22;15.0;40810; ;
15;MINIMAX;1;0.048;4;22;12.0;36509; ;
16;MINIMAX;2;0.051;4;21;15.0;41369; ;
17;MINIMAX;1;0.045;4;20;13.0;34878; ;
18;MINIMAX;2;0.045;4;20;15.0;36586; ;
19;MINIMAX;1;0.059;4;20;13.0;47377; ;
20;MINIMAX;2;0.056;4;21;15.0;43085; ;
21;MINIMAX;1;0.062;4;21;13.0;49665;VITORIA;
1;MINIMAX;2;0.02;4;16;11.0;13602; ;
2;MINIMAX;1;0.026;4;19;13.0;19638; ;
3;MINIMAX;2;0.044;4;20;14.0;34205; ;
4;MINIMAX;1;0.056;4;21;13.0;42734; ;
5;MINIMAX;2;0.06;4;23;15.0;45274; ;
6;MINIMAX;1;0.088;4;22;16.0;69084; ;
7;MINIMAX;2;0.061;4;21;13.0;47826; ;
8;MINIMAX;1;0.05;4;21;14.0;37036; ;
9;MINIMAX;2;0.04;4;20;12.0;31000; ;
10;MINIMAX;1;0.053;4;23;16.0;40346; ;
11;MINIMAX;2;0.052;4;21;12.0;40645; ;
12;MINIMAX;1;0.028;4;20;14.0;21690; ;
13;MINIMAX;2;0.028;4;19;11.0;21749; ;
14;MINIMAX;1;0.027;4;20;13.0;19221; ;
15;MINIMAX;2;0.033;4;19;12.0;25446;VITORIA;
1;MINIMAX;1;0.019;4;16;11.0;13602; ;
2;MINIMAX;2;0.025;4;19;12.0;19624; ;
3;MINIMAX;1;0.042;4;20;14.0;31692; ;
4;MINIMAX;2;0.076;4;23;15.0;56038; ;
5;MINIMAX;1;0.064;4;22;14.0;50773; ;
6;MINIMAX;2;0.081;4;26;17.0;61744; ;
7;MINIMAX;1;0.081;4;25;12.0;56794; ;
8;MINIMAX;2;0.074;4;27;19.0;51882; ;
9;MINIMAX;1;0.076;4;26;12.0;62500; ;
10;MINIMAX;2;0.038;4;25;16.0;30717; ;
11;MINIMAX;1;0.041;4;24;11.0;31821; ;
12;MINIMAX;2;0.049;4;23;15.0;38258; ;
13;MINIMAX;1;0.075;4;21;14.0;58698; ;
14;MINIMAX;2;0.071;4;23;17.0;53462; ;
15;MINIMAX;1;0.087;4;22;14.0;70232; ;
16;MINIMAX;2;0.067;4;22;15.0;51789; ;
17;MINIMAX;1;0.085;4;23;15.0;64988; ;
18;MINIMAX;2;0.061;4;22;14.0;50301; ;
19;MINIMAX;1;0.047;4;21;15.0;36858; ;
20;MINIMAX;2;0.061;4;21;13.0;46411; ;
21;MINIMAX;1;0.047;4;20;14.0;37114;VITORIA;
1;MINIMAX;2;0.019;4;16;11.0;13602; ;
2;MINIMAX;1;0.025;4;19;13.0;19638; ;
3;MINIMAX;2;0.045;4;20;14.0;34205; ;
4;MINIMAX;1;0.055;4;20;13.0;41096; ;
5;MINIMAX;2;0.06;4;23;16.0;46937; ;
6;MINIMAX;1;0.058;4;22;12.0;44669; ;
7;MINIMAX;2;0.06;4;26;17.0;46069; ;
8;MINIMAX;1;0.084;4;23;13.0;65951; ;
9;MINIMAX;2;0.057;4;24;17.0;44763; ;
10;MINIMAX;1;0.062;4;24;12.0;48552; ;
11;MINIMAX;2;0.036;4;22;14.0;27858; ;
12;MINIMAX;1;0.052;4;21;14.0;39900; ;
13;MINIMAX;2;0.089;4;24;16.0;64950; ;
14;MINIMAX;1;0.048;4;22;11.0;37205; ;
15;MINIMAX;2;0.027;4;21;15.0;20237; ;
16;MINIMAX;1;0.06;4;20;13.0;46676; ;
17;MINIMAX;2;0.051;4;21;15.0;38862; ;
18;MINIMAX;1;0.054;4;23;15.0;40861; ;
19;MINIMAX;2;0.068;4;20;13.0;49949; ;
20;MINIMAX;1;0.047;4;25;16.0;36175; ;
21;MINIMAX;2;0.068;4;22;12.0;51585; ;
22;MINIMAX;1;0.046;4;23;14.0;33350; ;
23;MINIMAX;2;0.039;4;20;13.0;30216; ;
24;MINIMAX;1;0.036;4;18;13.0;26319; ;
25;MINIMAX;2;0.045;4;22;14.0;32869; ;
26;MINIMAX;1;0.039;4;19;13.0;30316; ;
27;MINIMAX;2;0.042;4;20;14.0;32951; ;
28;MINIMAX;1;0.042;4;19;13.0;32500; ;
29;MINIMAX;2;0.043;4;22;14.0;32869; ;
30;MINIMAX;1;0.04;4;19;13.0;30316;EMPATE;
1;MINIMAX;1;0.019;4;16;11.0;13602; ;
2;MINIMAX;2;0.028;4;19;13.0;19638; ;
3;MINIMAX;1;0.044;4;20;14.0;34205; ;
4;MINIMAX;2;0.055;4;21;13.0;42734; ;
5;MINIMAX;1;0.061;4;23;15.0;45274; ;
6;MINIMAX;2;0.091;4;22;16.0;69084; ;
7;MINIMAX;1;0.063;4;21;13.0;47826; ;
8;MINIMAX;2;0.05;4;21;14.0;37036; ;
9;MINIMAX;1;0.039;4;20;12.0;31000; ;
10;MINIMAX;2;0.053;4;23;16.0;40346; ;
11;MINIMAX;1;0.103;4;23;14.0;79361; ;
12;MINIMAX;2;0.11;4;25;16.0;84921; ;
13;MINIMAX;1;0.086;4;22;15.0;68790; ;
14;MINIMAX;2;0.056;4;24;15.0;42988; ;
15;MINIMAX;1;0.049;4;21;13.0;37654; ;
16;MINIMAX;2;0.037;4;19;12.0;21604; ;
17;MINIMAX;1;0.036;4;21;13.0;29674; ;
18;MINIMAX;2;0.046;4;20;14.0;35579; ;
19;MINIMAX;1;0.034;4;19;13.0;25922; ;
20;MINIMAX;2;0.035;4;20;13.0;26232; ;
21;MINIMAX;1;0.044;4;19;13.0;32045; ;
22;MINIMAX;2;0.045;4;23;14.0;35144; ;
23;MINIMAX;1;0.031;4;20;13.0;23913; ;
24;MINIMAX;2;0.026;4;19;12.0;20660; ;
25;MINIMAX;1;0.031;4;23;13.0;22359; ;
26;MINIMAX;2;0.025;4;20;12.0;19427; ;
27;MINIMAX;1;0.03;4;21;13.0;21879; ;
28;MINIMAX;2;0.031;4;21;12.0;23027; ;
29;MINIMAX;1;0.026;4;20;13.0;17207; ;
30;MINIMAX;2;0.022;4;20;12.0;17151;EMPATE;
1;MINIMAX;2;0.018;4;16;11.0;13602; ;
2;MINIMAX;1;0.027;4;19;12.0;19624; ;
3;MINIMAX;2;0.041;4;20;14.0;31692; ;
4;MINIMAX;1;0.073;4;23;15.0;56230; ;
5;MINIMAX;2;0.064;4;22;14.0;49080; ;
6;MINIMAX;1;0.08;4;26;17.0;61744; ;
7;MINIMAX;2;0.076;4;25;12.0;56841; ;
8;MINIMAX;1;0.067;4;27;19.0;51893; ;
9;MINIMAX;2;0.11;4;25;13.0;89073; ;
10;MINIMAX;1;0.08;4;26;17.0;61824; ;
11;MINIMAX;2;0.1;4;25;14.0;76320; ;
12;MINIMAX;1;0.053;4;23;14.0;40906; ;
13;MINIMAX;2;0.042;4;21;13.0;32677; ;
14;MINIMAX;1;0.044;4;25;16.0;34421; ;
15;MINIMAX;2;0.074;4;21;14.0;55538; ;
16;MINIMAX;1;0.068;4;23;15.0;52225; ;
17;MINIMAX;2;0.077;4;23;16.0;62187; ;
18;MINIMAX;1;0.081;4;23;14.0;62807; ;
19;MINIMAX;2;0.069;4;21;14.0;54649; ;
20;MINIMAX;1;0.058;4;21;15.0;44470; ;
21;MINIMAX;2;0.057;4;21;13.0;45195;VITORIA;
1;MINIMAX;1;0.02;4;16;11.0;13602; ;
2;MINIMAX;2;0.025;4;19;13.0;19638; ;
3;MINIMAX;1;0.044;4;20;14.0;34205; ;
4;MINIMAX;2;0.054;4;20;13.0;41096; ;
5;MINIMAX;1;0.062;4;23;16.0;46937; ;
6;MINIMAX;2;0.109;4;23;15.0;84630; ;
7;MINIMAX;1;0.104;4;24;14.0;79159; ;
8;MINIMAX;2;0.081;4;24;16.0;64675; ;
9;MINIMAX;1;0.076;4;22;14.0;56256; ;
10;MINIMAX;2;0.058;4;23;15.0;44707; ;
11;MINIMAX;1;0.053;4;20;13.0;41928; ;
12;MINIMAX;2;0.054;4;24;16.0;42256; ;
13;MINIMAX;1;0.05;4;22;11.0;38687; ;
14;MINIMAX;2;0.063;4;24;16.0;49014; ;
15;MINIMAX;1;0.062;4;22;13.0;50731;VITORIA;
1;MINIMAX;2;0.017;4;16;11.0;13602; ;
2;MINIMAX;1;0.03;4;19;13.0;19638; ;
3;MINIMAX;2;0.043;4;20;14.0;34205; ;
4;MINIMAX;1;0.057;4;21;13.0;42734; ;
5;MINIMAX;2;0.06;4;23;15.0;45274; ;
6;MINIMAX;1;0.09;4;22;16.0;69084; ;
7;MINIMAX;2;0.062;4;21;13.0;47826; ;
8;MINIMAX;1;0.051;4;21;14.0;37036; ;
9;MINIMAX;2;0.043;4;20;12.0;31000; ;
10;MINIMAX;1;0.052;4;23;16.0;40346; ;
11;MINIMAX;2;0.052;4;21;12.0;40645; ;
12;MINIMAX;1;0.03;4;20;14.0;21690; ;
13;MINIMAX;2;0.046;4;23;14.0;36681; ;
14;MINIMAX;1;0.05;4;23;13.0;38037; ;
15;MINIMAX;2;0.045;4;21;14.0;34579; ;
16;MINIMAX;1;0.069;4;21;14.0;51302; ;
17;MINIMAX;2;0.068;4;22;16.0;52480;VITORIA;
1;MINIMAX;1;0.018;4;16;11.0;13602; ;
2;MINIMAX;2;0.026;4;19;12.0;19624; ;
3;MINIMAX;1;0.041;4;20;14.0;31692; ;
4;MINIMAX;2;0.074;4;23;15.0;56038; ;
5;MINIMAX;1;0.063;4;22;14.0;50773; ;
6;MINIMAX;2;0.083;4;26;17.0;61744; ;
7;MINIMAX;1;0.072;4;25;12.0;56794; ;
8;MINIMAX;2;0.064;4;27;19.0;51882; ;
9;MINIMAX;1;0.081;4;26;12.0;62500; ;
10;MINIMAX;2;0.04;4;25;16.0;30717; ;
11;MINIMAX;1;0.042;4;24;11.0;31821; ;
12;MINIMAX;2;0.05;4;23;15.0;38258; ;
13;MINIMAX;1;0.076;4;21;14.0;58698; ;
14;MINIMAX;2;0.068;4;23;17.0;53462; ;
15;MINIMAX;1;0.09;4;22;14.0;70232; ;
16;MINIMAX;2;0.066;4;22;15.0;51789; ;
17;MINIMAX;1;0.091;4;23;15.0;64988; ;
18;MINIMAX;2;0.07;4;22;14.0;54776; ;
19;MINIMAX;1;0.076;4;23;17.0;56510; ;
20;MINIMAX;2;0.061;4;22;14.0;49724; ;
21;MINIMAX;1;0.056;4;22;15.0;43114; ;
22;MINIMAX;2;0.093;4;21;15.0;72112; ;
23;MINIMAX;1;0.059;4;21;13.0;45954; ;
24;MINIMAX;2;0.069;4;23;16.0;51524; ;
25;MINIMAX;1;0.075;4;22;13.0;57148; ;
26;MINIMAX;2;0.049;4;23;16.0;37791; ;
27;MINIMAX;1;0.041;4;22;12.0;30853; ;
28;MINIMAX;2;0.033;4;19;14.0;26145; ;
29;MINIMAX;1;0.036;4;19;12.0;27756;VITORIA;
1;MINIMAX;2;0.02;4;16;11.0;13602; ;
2;MINIMAX;1;0.026;4;19;12.0;19624; ;
3;MINIMAX;2;0.04;4;20;14.0;31692; ;
4;MINIMAX;1;0.075;4;23;15.0;56038; ;
5;MINIMAX;2;0.064;4;22;14.0;50773; ;
6;MINIMAX;1;0.082;4;26;17.0;61744; ;
7;MINIMAX;2;0.081;4;25;12.0;56841; ;
8;MINIMAX;1;0.067;4;27;19.0;51893; ;
9;MINIMAX;2;0.065;4;26;10.0;50839; ;
10;MINIMAX;1;0.028;4;25;16.0;23657; ;
11;MINIMAX;2;0.052;4;25;11.0;39749; ;
12;MINIMAX;1;0.05;4;26;17.0;39437; ;
13;MINIMAX;2;0.04;4;25;11.0;32274; ;
14;MINIMAX;1;0.031;4;26;17.0;23462; ;
15;MINIMAX;2;0.06;4;26;12.0;48433; ;
16;MINIMAX;1;0.039;4;25;16.0;30448; ;
17;MINIMAX;2;0.05;4;25;11.0;38080; ;
18;MINIMAX;1;0.03;4;25;17.0;21949; ;
19;MINIMAX;2;0.078;4;23;12.0;63549; ;
20;MINIMAX;1;0.046;4;23;16.0;35668; ;
21;MINIMAX;2;0.059;4;20;13.0;46676; ;
22;MINIMAX;1;0.05;4;21;15.0;38862; ;
23;MINIMAX;2;0.053;4;23;15.0;40861; ;
24;MINIMAX;1;0.063;4;20;13.0;49949; ;
25;MINIMAX;2;0.038;4;22;14.0;27786; ;
26;MINIMAX;1;0.047;4;21;13.0;35274; ;
27;MINIMAX;2;0.059;4;26;17.0;44390; ;
28;MINIMAX;1;0.059;4;21;12.0;45074; ;
29;MINIMAX;2;0.039;4;22;14.0;27786; ;
30;MINIMAX;1;0.047;4;21;13.0;35274;EMPATE;
1;MINIMAX;1;0.021;4;16;11.0;13602; ;
2;MINIMAX;2;0.026;4;19;13.0;19638; ;
3;MINIMAX;1;0.051;4;20;14.0;34205; ;
4;MINIMAX;2;0.053;4;20;13.0;41096; ;
5;MINIMAX;1;0.061;4;23;16.0;46937; ;
6;MINIMAX;2;0.11;4;23;15.0;84630; ;
7;MINIMAX;1;0.084;4;22;16.0;64392; ;
8;MINIMAX;2;0.102;4;25;17.0;81501; ;
9;MINIMAX;1;0.096;4;21;15.0;73104; ;
10;MINIMAX;2;0.072;4;24;16.0;56510; ;
11;MINIMAX;1;0.088;4;21;14.0;67015; ;
12;MINIMAX;2;0.056;4;23;14.0;43626; ;
13;MINIMAX;1;0.043;4;20;14.0;30858; ;
14;MINIMAX;2;0.072;4;24;16.0;56510; ;
15;MINIMAX;1;0.087;4;21;14.0;67015; ;
16;MINIMAX;2;0.055;4;23;14.0;43626; ;
17;MINIMAX;1;0.042;4;20;14.0;30858; ;
18;MINIMAX;2;0.075;4;24;16.0;56510; ;
19;MINIMAX;1;0.084;4;21;14.0;67015; ;
20;MINIMAX;2;0.058;4;23;14.0;43626; ;
21;MINIMAX;1;0.041;4;20;14.0;30858; ;
22;MINIMAX;2;0.074;4;24;16.0;56510; ;
23;MINIMAX;1;0.084;4;21;14.0;67015; ;
24;MINIMAX;2;0.055;4;23;14.0;43626; ;
25;MINIMAX;1;0.043;4;20;14.0;30858; ;
26;MINIMAX;2;0.075;4;24;16.0;56510; ;
27;MINIMAX;1;0.085;4;21;14.0;67015; ;
28;MINIMAX;2;0.056;4;23;14.0;43626; ;
29;MINIMAX;1;0.041;4;20;14.0;30858; ;
30;MINIMAX;2;0.074;4;24;16.0;56510;EMPATE;
1;MINIMAX;2;0.019;4;16;11.0;13602; ;
2;MINIMAX;1;0.026;4;19;12.0;19624; ;
3;MINIMAX;2;0.041;4;20;14.0;31692; ;
4;MINIMAX;1;0.075;4;23;15.0;56038; ;
5;MINIMAX;2;0.066;4;22;14.0;50773; ;
6;MINIMAX;1;0.077;4;26;17.0;61744; ;
7;MINIMAX;2;0.073;4;25;12.0;56841; ;
8;MINIMAX;1;0.068;4;27;19.0;51893; ;
9;MINIMAX;2;0.066;4;26;10.0;50839; ;
10;MINIMAX;1;0.032;4;25;16.0;23657; ;
11;MINIMAX;2;0.05;4;25;11.0;39749; ;
12;MINIMAX;1;0.049;4;26;17.0;39437; ;
13;MINIMAX;2;0.067;4;26;12.0;51241; ;
14;MINIMAX;1;0.043;4;23;14.0;32803; ;
15;MINIMAX;2;0.045;4;21;13.0;34454; ;
16;MINIMAX;1;0.039;4;22;13.0;29007; ;
17;MINIMAX;2;0.04;4;21;13.0;30318; ;
18;MINIMAX;1;0.051;4;25;16.0;37115; ;
19;MINIMAX;2;0.064;4;24;13.0;49286; ;
20;MINIMAX;1;0.053;4;25;16.0;39456; ;
21;MINIMAX;2;0.06;4;24;12.0;44177; ;
22;MINIMAX;1;0.046;4;22;15.0;32841; ;
23;MINIMAX;2;0.057;4;22;12.0;40956; ;
24;MINIMAX;1;0.047;4;25;16.0;36117; ;
25;MINIMAX;2;0.068;4;25;12.0;51163; ;
26;MINIMAX;1;0.061;4;22;15.0;46921; ;
27;MINIMAX;2;0.065;4;22;13.0;49645; ;
28;MINIMAX;1;0.077;4;25;16.0;59299; ;
29;MINIMAX;2;0.1;4;25;14.0;77106; ;
30;MINIMAX;1;0.067;4;23;15.0;51569;EMPATE;
1;MINIMAX;1;0.018;4;16;11.0;13602; ;
2;MINIMAX;2;0.026;4;19;13.0;19638; ;
3;MINIMAX;1;0.046;4;20;14.0;34205; ;
4;MINIMAX;2;0.053;4;20;13.0;41096; ;
5;MINIMAX;1;0.062;4;23;16.0;46937; ;
6;MINIMAX;2;0.107;4;23;15.0;84630; ;
7;MINIMAX;1;0.083;4;22;16.0;64392; ;
8;MINIMAX;2;0.105;4;25;17.0;81501; ;
9;MINIMAX;1;0.096;4;21;15.0;73104; ;
10;MINIMAX;2;0.073;4;24;16.0;56510; ;
11;MINIMAX;1;0.089;4;21;14.0;67015; ;
12;MINIMAX;2;0.058;4;23;14.0;43626; ;
13;MINIMAX;1;0.04;4;20;14.0;30858; ;
14;MINIMAX;2;0.074;4;24;16.0;56510; ;
15;MINIMAX;1;0.091;4;21;14.0;67015; ;
16;MINIMAX;2;0.058;4;23;14.0;43626; ;
17;MINIMAX;1;0.041;4;20;14.0;30858; ;
18;MINIMAX;2;0.075;4;24;16.0;56510; ;
19;MINIMAX;1;0.089;4;21;14.0;67015; ;
20;MINIMAX;2;0.058;4;23;14.0;43626; ;
21;MINIMAX;1;0.042;4;20;14.0;30858; ;
22;MINIMAX;2;0.076;4;24;16.0;56510; ;
23;MINIMAX;1;0.086;4;21;14.0;67015; ;
24;MINIMAX;2;0.061;4;23;14.0;43626; ;
25;MINIMAX;1;0.041;4;20;14.0;30858; ;
26;MINIMAX;2;0.073;4;24;16.0;56510; ;
27;MINIMAX;1;0.085;4;21;14.0;67015; ;
28;MINIMAX;2;0.057;4;23;14.0;43626; ;
29;MINIMAX;1;0.041;4;20;14.0;30858; ;
30;MINIMAX;2;0.071;4;24;16.0;56510;EMPATE;
1;MINIMAX;2;0.018;4;16;11.0;13602; ;
2;MINIMAX;1;0.03;4;19;12.0;19624; ;
3;MINIMAX;2;0.041;4;20;14.0;31692; ;
4;MINIMAX;1;0.07;4;23;15.0;56230; ;
5;MINIMAX;2;0.068;4;22;14.0;49080; ;
6;MINIMAX;1;0.081;4;26;17.0;61744; ;
7;MINIMAX;2;0.072;4;25;12.0;56841; ;
8;MINIMAX;1;0.064;4;27;19.0;51893; ;
9;MINIMAX;2;0.064;4;26;10.0;50839; ;
10;MINIMAX;1;0.031;4;25;16.0;23657; ;
11;MINIMAX;2;0.052;4;25;11.0;39749; ;
12;MINIMAX;1;0.038;4;25;16.0;28724; ;
13;MINIMAX;2;0.033;4;24;11.0;24526; ;
14;MINIMAX;1;0.037;4;23;15.0;29724; ;
15;MINIMAX;2;0.061;4;20;13.0;47536; ;
16;MINIMAX;1;0.054;4;23;16.0;40940; ;
17;MINIMAX;2;0.086;4;22;14.0;69039; ;
18;MINIMAX;1;0.063;4;22;15.0;50691; ;
19;MINIMAX;2;0.056;4;22;13.0;45488; ;
20;MINIMAX;1;0.057;4;22;16.0;45932; ;
21;MINIMAX;2;0.069;4;24;15.0;52578;VITORIA;
1;MINIMAX;1;0.021;4;16;11.0;13602; ;
2;MINIMAX;2;0.027;4;19;12.0;19624; ;
3;MINIMAX;1;0.041;4;20;14.0;31692; ;
4;MINIMAX;2;0.075;4;23;15.0;56038; ;
5;MINIMAX;1;0.069;4;22;14.0;50773; ;
6;MINIMAX;2;0.08;4;26;17.0;61744; ;
7;MINIMAX;1;0.074;4;25;12.0;56794; ;
8;MINIMAX;2;0.068;4;27;19.0;51882; ;
9;MINIMAX;1;0.078;4;26;12.0;62500; ;
10;MINIMAX;2;0.04;4;25;16.0;30717; ;
11;MINIMAX;1;0.041;4;24;11.0;31821; ;
12;MINIMAX;2;0.037;4;22;14.0;27717; ;
13;MINIMAX;1;0.066;4;21;13.0;50307; ;
14;MINIMAX;2;0.05;4;22;15.0;40810; ;
15;MINIMAX;1;0.065;4;22;14.0;49592; ;
16;MINIMAX;2;0.067;4;22;15.0;55477; ;
17;MINIMAX;1;0.049;4;21;13.0;39028;VITORIA;
1;MINIMAX;2;0.018;4;16;11.0;13602; ;
2;MINIMAX;1;0.025;4;19;12.0;19624; ;
3;MINIMAX;2;0.04;4;20;14.0;31692; ;
4;MINIMAX;1;0.072;4;23;15.0;56038; ;
5;MINIMAX;2;0.068;4;22;14.0;50773; ;
6;MINIMAX;1;0.08;4;26;17.0;61744; ;
7;MINIMAX;2;0.071;4;25;12.0;56841; ;
8;MINIMAX;1;0.067;4;27;19.0;51893; ;
9;MINIMAX;2;0.116;4;25;13.0;89073; ;
10;MINIMAX;1;0.08;4;26;17.0;61824; ;
11;MINIMAX;2;0.1;4;25;14.0;76320; ;
12;MINIMAX;1;0.052;4;23;14.0;40906; ;
13;MINIMAX;2;0.042;4;21;13.0;32677; ;
14;MINIMAX;1;0.045;4;25;16.0;34421; ;
15;MINIMAX;2;0.072;4;21;14.0;55538; ;
16;MINIMAX;1;0.068;4;23;15.0;52225; ;
17;MINIMAX;2;0.061;4;22;14.0;47352; ;
18;MINIMAX;1;0.058;4;22;14.0;44965; ;
19;MINIMAX;2;0.056;4;21;14.0;43012; ;
20;MINIMAX;1;0.044;4;21;13.0;34083; ;
21;MINIMAX;2;0.061;4;22;15.0;44996;VITORIA;
1;MINIMAX;1;0.02;4;16;11.0;13602; ;
2;MINIMAX;2;0.026;4;19;13.0;19638; ;
3;MINIMAX;1;0.044;4;20;14.0;34205; ;
4;MINIMAX;2;0.057;4;21;13.0;42734; ;
5;MINIMAX;1;0.06;4;23;15.0;45274; ;
6;MINIMAX;2;0.089;4;22;16.0;69084; ;
7;MINIMAX;1;0.063;4;21;13.0;47826; ;
8;MINIMAX;2;0.047;4;21;14.0;37036; ;
9;MINIMAX;1;0.04;4;20;12.0;31000; ;
10;MINIMAX;2;0.056;4;23;16.0;40346; ;
11;MINIMAX;1;0.097;4;23;14.0;79361; ;
12;MINIMAX;2;0.111;4;25;16.0;84921; ;
13;MINIMAX;1;0.088;4;22;15.0;68790; ;
14;MINIMAX;2;0.055;4;24;15.0;42988; ;
15;MINIMAX;1;0.051;4;21;13.0;37654; ;
16;MINIMAX;2;0.029;4;19;12.0;21604; ;
17;MINIMAX;1;0.04;4;21;13.0;29674; ;
18;MINIMAX;2;0.056;4;21;13.0;43026; ;
19;MINIMAX;1;0.046;4;21;14.0;35467; ;
20;MINIMAX;2;0.035;4;18;13.0;26319; ;
21;MINIMAX;1;0.043;4;22;14.0;32869; ;
22;MINIMAX;2;0.04;4;19;13.0;30316; ;
23;MINIMAX;1;0.043;4;20;14.0;32951; ;
24;MINIMAX;2;0.046;4;19;13.0;32500; ;
25;MINIMAX;1;0.043;4;22;14.0;32869; ;
26;MINIMAX;2;0.04;4;19;13.0;30316; ;
27;MINIMAX;1;0.044;4;20;14.0;32951; ;
28;MINIMAX;2;0.042;4;19;13.0;32500; ;
29;MINIMAX;1;0.047;4;22;14.0;32869; ;
30;MINIMAX;2;0.04;4;19;13.0;30316;EMPATE;
1;MINIMAX;2;0.018;4;16;11.0;13602; ;
2;MINIMAX;1;0.027;4;19;12.0;19624; ;
3;MINIMAX;2;0.039;4;20;14.0;31692; ;
4;MINIMAX;1;0.074;4;23;15.0;56230; ;
5;MINIMAX;2;0.064;4;22;14.0;49080; ;
6;MINIMAX;1;0.08;4;26;17.0;61744; ;
7;MINIMAX;2;0.076;4;25;12.0;56841; ;
8;MINIMAX;1;0.065;4;27;19.0;51893; ;
9;MINIMAX;2;0.064;4;26;10.0;50839; ;
10;MINIMAX;1;0.032;4;25;16.0;23657; ;
11;MINIMAX;2;0.051;4;25;11.0;39749; ;
12;MINIMAX;1;0.051;4;26;17.0;39437; ;
13;MINIMAX;2;0.07;4;26;12.0;51139; ;
14;MINIMAX;1;0.041;4;23;14.0;32781; ;
15;MINIMAX;2;0.037;4;21;12.0;28390; ;
16;MINIMAX;1;0.054;4;26;16.0;40728; ;
17;MINIMAX;2;0.071;4;23;13.0;54403; ;
18;MINIMAX;1;0.037;4;22;13.0;29007; ;
19;MINIMAX;2;0.04;4;21;13.0;30318; ;
20;MINIMAX;1;0.05;4;25;16.0;37115; ;
21;MINIMAX;2;0.064;4;24;13.0;49286; ;
22;MINIMAX;1;0.061;4;25;16.0;39456; ;
23;MINIMAX;2;0.056;4;24;12.0;44177; ;
24;MINIMAX;1;0.044;4;22;15.0;32841; ;
25;MINIMAX;2;0.05;4;22;12.0;36550; ;
26;MINIMAX;1;0.023;4;18;13.0;16226; ;
27;MINIMAX;2;0.028;4;18;11.0;20809; ;
28;MINIMAX;1;0.023;4;17;12.0;16209; ;
29;MINIMAX;2;0.026;4;22;13.0;19481; ;
30;MINIMAX;1;0.036;4;22;12.0;27585;EMPATE;
1;MINIMAX;1;0.019;4;16;11.0;13602; ;
2;MINIMAX;2;0.027;4;19;13.0;19638; ;
3;MINIMAX;1;0.044;4;20;14.0;34205; ;
4;MINIMAX;2;0.054;4;20;13.0;41096; ;
5;MINIMAX;1;0.062;4;23;16.0;46937; ;
6;MINIMAX;2;0.108;4;23;15.0;84630; ;
7;MINIMAX;1;0.099;4;24;14.0;79159; ;
8;MINIMAX;2;0.086;4;24;16.0;64675; ;
9;MINIMAX;1;0.074;4;22;14.0;56256; ;
10;MINIMAX;2;0.057;4;23;15.0;44707; ;
11;MINIMAX;1;0.058;4;20;13.0;41928; ;
12;MINIMAX;2;0.056;4;24;16.0;42256; ;
13;MINIMAX;1;0.053;4;24;12.0;42617; ;
14;MINIMAX;2;0.066;4;25;16.0;49696; ;
15;MINIMAX;1;0.062;4;24;12.0;50182; ;
16;MINIMAX;2;0.051;4;23;16.0;40170; ;
17;MINIMAX;1;0.071;4;22;14.0;55721; ;
18;MINIMAX;2;0.07;4;23;16.0;54853; ;
19;MINIMAX;1;0.052;4;21;14.0;40747;VITORIA;
1;MINIMAX;2;0.018;4;16;11.0;13602; ;
2;MINIMAX;1;0.03;4;19;12.0;19624; ;
3;MINIMAX;2;0.041;4;20;14.0;31692; ;
4;MINIMAX;1;0.072;4;23;15.0;56230; ;
5;MINIMAX;2;0.065;4;22;14.0;49080; ;
6;MINIMAX;1;0.082;4;26;17.0;61744; ;
7;MINIMAX;2;0.074;4;25;12.0;56841; ;
8;MINIMAX;1;0.068;4;27;19.0;51893; ;
9;MINIMAX;2;0.066;4;26;10.0;50839; ;
10;MINIMAX;1;0.031;4;25;16.0;23657; ;
11;MINIMAX;2;0.052;4;25;11.0;39749; ;
12;MINIMAX;1;0.037;4;25;16.0;28724; ;
13;MINIMAX;2;0.036;4;24;11.0;24562; ;
14;MINIMAX;1;0.046;4;24;15.0;35230; ;
15;MINIMAX;2;0.075;4;21;13.0;56480; ;
16;MINIMAX;1;0.064;4;23;17.0;49834; ;
17;MINIMAX;2;0.084;4;22;13.0;66134; ;
18;MINIMAX;1;0.062;4;23;15.0;48646; ;
19;MINIMAX;2;0.042;4;22;12.0;31891; ;
20;MINIMAX;1;0.036;4;20;14.0;29218; ;
21;MINIMAX;2;0.038;4;19;12.0;23749; ;
22;MINIMAX;1;0.04;4;19;14.0;32667; ;
23;MINIMAX;2;0.052;4;19;13.0;39986;VITORIA;
1;MINIMAX;1;0.02;4;16;11.0;13602; ;
2;MINIMAX;2;0.028;4;19;13.0;19638; ;
3;MINIMAX;1;0.044;4;20;14.0;34205; ;
4;MINIMAX;2;0.055;4;20;13.0;41096; ;
5;MINIMAX;1;0.063;4;23;16.0;46937; ;
6;MINIMAX;2;0.113;4;23;15.0;84630; ;
7;MINIMAX;1;0.116;4;24;14.0;79159; ;
8;MINIMAX;2;0.086;4;24;16.0;64675; ;
9;MINIMAX;1;0.073;4;22;14.0;56256; ;
10;MINIMAX;2;0.061;4;23;15.0;44707; ;
11;MINIMAX;1;0.056;4;20;13.0;41928; ;
12;MINIMAX;2;0.056;4;24;16.0;42256; ;
13;MINIMAX;1;0.07;4;22;12.0;53058; ;
14;MINIMAX;2;0.082;4;24;16.0;64457; ;
15;MINIMAX;1;0.078;4;22;15.0;62069;VITORIA;
1;MINIMAX;2;0.019;4;16;11.0;13602; ;
2;MINIMAX;1;0.029;4;19;13.0;19638; ;
3;MINIMAX;2;0.044;4;20;14.0;34205; ;
4;MINIMAX;1;0.053;4;21;13.0;42734; ;
5;MINIMAX;2;0.059;4;23;15.0;45274; ;
6;MINIMAX;1;0.089;4;22;16.0;69084; ;
7;MINIMAX;2;0.064;4;21;13.0;47826; ;
8;MINIMAX;1;0.049;4;21;14.0;37036; ;
9;MINIMAX;2;0.046;4;20;12.0;31000; ;
10;MINIMAX;1;0.052;4;23;16.0;40346; ;
11;MINIMAX;2;0.052;4;21;12.0;40645; ;
12;MINIMAX;1;0.028;4;20;14.0;21690; ;
13;MINIMAX;2;0.045;4;20;12.0;34304; ;
14;MINIMAX;1;0.038;4;23;15.0;29173; ;
15;MINIMAX;2;0.032;4;22;11.0;25280; ;
16;MINIMAX;1;0.035;4;23;15.0;27210; ;
17;MINIMAX;2;0.05;4;23;13.0;37457;VITORIA;
1;MINIMAX;1;0.02;4;16;11.0;13602; ;
2;MINIMAX;2;0.027;4;19;13.0;19638; ;
3;MINIMAX;1;0.046;4;20;14.0;34205; ;
4;MINIMAX;2;0.055;4;20;13.0;41096; ;
5;MINIMAX;1;0.061;4;23;16.0;46937; ;
6;MINIMAX;2;0.11;4;23;15.0;84630; ;
7;MINIMAX;1;0.103;4;24;14.0;79159; ;
8;MINIMAX;2;0.085;4;24;16.0;64675; ;
9;MINIMAX;1;0.073;4;22;14.0;56256; ;
10;MINIMAX;2;0.058;4;23;15.0;44707; ;
11;MINIMAX;1;0.057;4;20;13.0;41928; ;
12;MINIMAX;2;0.058;4;24;16.0;42256; ;
13;MINIMAX;1;0.064;4;21;12.0;49020; ;
14;MINIMAX;2;0.063;4;23;16.0;49027; ;
15;MINIMAX;1;0.07;4;21;14.0;52868;VITORIA;
1;MINIMAX;2;0.017;4;16;11.0;13602; ;
2;MINIMAX;1;0.025;4;19;13.0;19638; ;
3;MINIMAX;2;0.043;4;20;14.0;34205; ;
4;MINIMAX;1;0.055;4;21;13.0;42734; ;
5;MINIMAX;2;0.06;4;23;15.0;45274; ;
6;MINIMAX;1;0.089;4;22;16.0;69084; ;
7;MINIMAX;2;0.06;4;21;13.0;47826; ;
8;MINIMAX;1;0.045;4;21;14.0;37036; ;
9;MINIMAX;2;0.042;4;20;12.0;31000; ;
10;MINIMAX;1;0.052;4;23;16.0;40346; ;
11;MINIMAX;2;0.054;4;21;12.0;40645; ;
12;MINIMAX;1;0.031;4;20;14.0;21690; ;
13;MINIMAX;2;0.035;4;20;12.0;27910; ;
14;MINIMAX;1;0.031;4;21;14.0;24086; ;
15;MINIMAX;2;0.027;4;19;11.0;19663; ;
16;MINIMAX;1;0.031;4;20;14.0;25088; ;
17;MINIMAX;2;0.042;4;20;13.0;32226;VITORIA;
1;MINIMAX;1;0.021;4;16;11.0;13602; ;
2;MINIMAX;2;0.026;4;19;13.0;19638; ;
3;MINIMAX;1;0.045;4;20;14.0;34205; ;
4;MINIMAX;2;0.057;4;21;13.0;42734; ;
5;MINIMAX;1;0.058;4;23;15.0;45274; ;
6;MINIMAX;2;0.087;4;22;16.0;69084; ;
7;MINIMAX;1;0.065;4;21;13.0;47826; ;
8;MINIMAX;2;0.048;4;21;14.0;37036; ;
9;MINIMAX;1;0.039;4;20;12.0;31000; ;
10;MINIMAX;2;0.053;4;23;16.0;40346; ;
11;MINIMAX;1;0.106;4;23;14.0;79361; ;
12;MINIMAX;2;0.117;4;25;16.0;84921; ;
13;MINIMAX;1;0.088;4;22;15.0;68790; ;
14;MINIMAX;2;0.055;4;24;15.0;42988; ;
15;MINIMAX;1;0.05;4;21;13.0;37654; ;
16;MINIMAX;2;0.029;4;19;12.0;21604; ;
17;MINIMAX;1;0.039;4;21;13.0;29674; ;
18;MINIMAX;2;0.049;4;20;14.0;35579; ;
19;MINIMAX;1;0.035;4;19;13.0;25922; ;
20;MINIMAX;2;0.03;4;19;12.0;21604; ;
21;MINIMAX;1;0.039;4;21;13.0;29674; ;
22;MINIMAX;2;0.046;4;20;14.0;35579; ;
23;MINIMAX;1;0.034;4;19;13.0;25922; ;
24;MINIMAX;2;0.035;4;20;13.0;26232; ;
25;MINIMAX;1;0.043;4;19;13.0;32045; ;
26;MINIMAX;2;0.046;4;23;14.0;35144; ;
27;MINIMAX;1;0.031;4;20;13.0;23913; ;
28;MINIMAX;2;0.028;4;19;12.0;20660; ;
29;MINIMAX;1;0.031;4;23;13.0;22359; ;
30;MINIMAX;2;0.025;4;20;12.0;19427;EMPATE;
1;MINIMAX;2;0.017;4;16;11.0;13602; ;
2;MINIMAX;1;0.027;4;19;13.0;19638; ;
3;MINIMAX;2;0.043;4;20;14.0;34205; ;
4;MINIMAX;1;0.056;4;21;13.0;42734; ;
5;MINIMAX;2;0.057;4;23;15.0;45274; ;
6;MINIMAX;1;0.09;4;22;16.0;69084; ;
7;MINIMAX;2;0.064;4;21;13.0;47826; ;
8;MINIMAX;1;0.048;4;21;14.0;37036; ;
9;MINIMAX;2;0.041;4;20;12.0;31000; ;
10;MINIMAX;1;0.051;4;23;16.0;40346; ;
11;MINIMAX;2;0.053;4;21;12.0;40645; ;
12;MINIMAX;1;0.028;4;20;14.0;21690; ;
13;MINIMAX;2;0.035;4;19;11.0;25009; ;
14;MINIMAX;1;0.035;4;20;14.0;25667; ;
15;MINIMAX;2;0.03;4;20;12.0;23020;VITORIA;
1;MINIMAX;1;0.02;4;16;11.0;13602; ;
2;MINIMAX;2;0.026;4;19;12.0;19624; ;
3;MINIMAX;1;0.041;4;20;14.0;31692; ;
4;MINIMAX;2;0.071;4;23;15.0;56038; ;
5;MINIMAX;1;0.065;4;22;14.0;50773; ;
6;MINIMAX;2;0.077;4;26;17.0;61744; ;
7;MINIMAX;1;0.076;4;25;12.0;56794; ;
8;MINIMAX;2;0.068;4;27;19.0;51882; ;
9;MINIMAX;1;0.079;4;26;12.0;62500; ;
10;MINIMAX;2;0.078;4;26;20.0;59568; ;
11;MINIMAX;1;0.109;4;25;13.0;83686; ;
12;MINIMAX;2;0.059;4;26;16.0;44572; ;
13;MINIMAX;1;0.083;4;22;14.0;64746; ;
14;MINIMAX;2;0.074;4;22;15.0;55084; ;
15;MINIMAX;1;0.056;4;21;13.0;40001; ;
16;MINIMAX;2;0.034;4;19;13.0;26167; ;
17;MINIMAX;1;0.049;4;20;14.0;37339; ;
18;MINIMAX;2;0.065;4;23;15.0;47595; ;
19;MINIMAX;1;0.09;4;23;15.0;66872; ;
20;MINIMAX;2;0.053;4;22;13.0;40928; ;
21;MINIMAX;1;0.041;4;21;13.0;29149; ;
22;MINIMAX;2;0.045;4;20;13.0;33439; ;
23;MINIMAX;1;0.055;4;23;14.0;41155; ;
24;MINIMAX;2;0.044;4;21;14.0;34970; ;
25;MINIMAX;1;0.043;4;20;13.0;31639; ;
26;MINIMAX;2;0.052;4;19;11.0;25912; ;
27;MINIMAX;1;0.032;4;21;13.0;21762; ;
28;MINIMAX;2;0.02;4;18;10.0;14677; ;
29;MINIMAX;1;0.024;4;23;15.0;18593; ;
30;MINIMAX;2;0.034;4;22;11.0;27007;EMPATE;
1;MINIMAX;2;0.018;4;16;11.0;13602; ;
2;MINIMAX;1;0.026;4;19;13.0;19638; ;
3;MINIMAX;2;0.043;4;20;14.0;34205; ;
4;MINIMAX;1;0.054;4;21;13.0;42734; ;
5;MINIMAX;2;0.059;4;23;15.0;45274; ;
6;MINIMAX;1;0.089;4;22;16.0;69084; ;
7;MINIMAX;2;0.062;4;21;13.0;47826; ;
8;MINIMAX;1;0.047;4;21;14.0;37036; ;
9;MINIMAX;2;0.04;4;20;12.0;31000; ;
10;MINIMAX;1;0.052;4;23;16.0;40346; ;
11;MINIMAX;2;0.05;4;21;12.0;40645; ;
12;MINIMAX;1;0.028;4;20;14.0;21690; ;
13;MINIMAX;2;0.033;4;19;11.0;25009; ;
14;MINIMAX;1;0.033;4;20;14.0;25667; ;
15;MINIMAX;2;0.044;4;20;13.0;34811; ;
16;MINIMAX;1;0.053;4;19;13.0;41242; ;
17;MINIMAX;2;0.041;4;21;13.0;30875;VITORIA;
1;MINIMAX;1;0.018;4;16;11.0;13602; ;
2;MINIMAX;2;0.027;4;19;13.0;19638; ;
3;MINIMAX;1;0.046;4;20;14.0;34205; ;
4;MINIMAX;2;0.056;4;21;13.0;42734; ;
5;MINIMAX;1;0.061;4;23;15.0;45274; ;
6;MINIMAX;2;0.09;4;22;16.0;69084; ;
7;MINIMAX;1;0.063;4;21;13.0;47826; ;
8;MINIMAX;2;0.047;4;21;14.0;37036; ;
9;MINIMAX;1;0.043;4;20;12.0;31000; ;
10;MINIMAX;2;0.054;4;23;16.0;40346; ;
11;MINIMAX;1;0.1;4;23;14.0;79361; ;
12;MINIMAX;2;0.107;4;25;16.0;84921; ;
13;MINIMAX;1;0.089;4;22;15.0;68790; ;
14;MINIMAX;2;0.055;4;24;15.0;42988; ;
15;MINIMAX;1;0.048;4;21;13.0;37654; ;
16;MINIMAX;2;0.028;4;19;12.0;21604; ;
17;MINIMAX;1;0.039;4;21;13.0;29674; ;
18;MINIMAX;2;0.047;4;20;14.0;35579; ;
19;MINIMAX;1;0.034;4;19;13.0;25922; ;
20;MINIMAX;2;0.029;4;19;12.0;21604; ;
21;MINIMAX;1;0.04;4;21;13.0;29674; ;
22;MINIMAX;2;0.045;4;20;14.0;35579; ;
23;MINIMAX;1;0.034;4;19;13.0;25922; ;
24;MINIMAX;2;0.037;4;20;13.0;26232; ;
25;MINIMAX;1;0.044;4;19;13.0;32045; ;
26;MINIMAX;2;0.049;4;23;14.0;35144; ;
27;MINIMAX;1;0.033;4;20;13.0;23913; ;
28;MINIMAX;2;0.026;4;19;12.0;20660; ;
29;MINIMAX;1;0.031;4;23;13.0;22359; ;
30;MINIMAX;2;0.026;4;20;12.0;19427;EMPATE;
1;MINIMAX;2;0.019;4;16;11.0;13602; ;
2;MINIMAX;1;0.027;4;19;13.0;19638; ;
3;MINIMAX;2;0.045;4;20;14.0;34205; ;
4;MINIMAX;1;0.052;4;21;13.0;42734; ;
5;MINIMAX;2;0.057;4;23;15.0;45274; ;
6;MINIMAX;1;0.09;4;22;16.0;69084; ;
7;MINIMAX;2;0.061;4;21;13.0;47826; ;
8;MINIMAX;1;0.048;4;21;14.0;37036; ;
9;MINIMAX;2;0.041;4;20;12.0;31000; ;
10;MINIMAX;1;0.053;4;23;16.0;40346; ;
11;MINIMAX;2;0.053;4;21;12.0;40645; ;
12;MINIMAX;1;0.03;4;20;14.0;21690; ;
13;MINIMAX;2;0.038;4;20;12.0;27910; ;
14;MINIMAX;1;0.031;4;21;14.0;24086; ;
15;MINIMAX;2;0.059;4;21;14.0;46040;VITORIA;
1;MINIMAX;1;0.021;4;16;11.0;13602; ;
2;MINIMAX;2;0.025;4;19;12.0;19624; ;
3;MINIMAX;1;0.042;4;20;14.0;31692; ;
4;MINIMAX;2;0.074;4;23;15.0;56038; ;
5;MINIMAX;1;0.065;4;22;14.0;50773; ;
6;MINIMAX;2;0.078;4;26;17.0;61744; ;
7;MINIMAX;1;0.073;4;25;12.0;56794; ;
8;MINIMAX;2;0.066;4;27;19.0;51882; ;
9;MINIMAX;1;0.081;4;26;12.0;62500; ;
10;MINIMAX;2;0.039;4;25;16.0;30717; ;
11;MINIMAX;1;0.041;4;24;11.0;31821; ;
12;MINIMAX;2;0.054;4;23;15.0;38258; ;
13;MINIMAX;1;0.076;4;21;14.0;58698; ;
14;MINIMAX;2;0.071;4;23;17.0;53462; ;
15;MINIMAX;1;0.089;4;22;14.0;70232; ;
16;MINIMAX;2;0.065;4;22;15.0;51789; ;
17;MINIMAX;1;0.054;4;21;14.0;41539;VITORIA;
1;MINIMAX;2;0.021;4;16;11.0;13602; ;
2;MINIMAX;1;0.028;4;19;13.0;19638; ;
3;MINIMAX;2;0.047;4;20;14.0;34205; ;
4;MINIMAX;1;0.054;4;21;13.0;42734; ;
5;MINIMAX;2;0.059;4;23;15.0;45274; ;
6;MINIMAX;1;0.092;4;22;16.0;69084; ;
7;MINIMAX;2;0.064;4;21;13.0;47826; ;
8;MINIMAX;1;0.046;4;21;14.0;37036; ;
9;MINIMAX;2;0.039;4;20;12.0;31000; ;
10;MINIMAX;1;0.052;4;23;16.0;40346; ;
11;MINIMAX;2;0.055;4;21;12.0;40645; ;
12;MINIMAX;1;0.03;4;20;14.0;21690; ;
13;MINIMAX;2;0.044;4;20;12.0;34304; ;
14;MINIMAX;1;0.039;4;23;15.0;29173; ;
15;MINIMAX;2;0.04;4;23;11.0;32020; ;
16;MINIMAX;1;0.037;4;23;16.0;28374; ;
17;MINIMAX;2;0.045;4;23;11.0;37477;VITORIA;
1;MINIMAX;1;0.021;4;16;11.0;13602; ;
2;MINIMAX;2;0.024;4;19;12.0;19624; ;
3;MINIMAX;1;0.041;4;20;14.0;31692; ;
4;MINIMAX;2;0.074;4;23;15.0;56038; ;
5;MINIMAX;1;0.066;4;22;14.0;50773; ;
6;MINIMAX;2;0.079;4;26;17.0;61744; ;
7;MINIMAX;1;0.075;4;25;12.0;56794; ;
8;MINIMAX;2;0.065;4;27;19.0;51882; ;
9;MINIMAX;1;0.082;4;26;12.0;62500; ;
10;MINIMAX;2;0.079;4;26;20.0;59568; ;
11;MINIMAX;1;0.108;4;25;13.0;83686; ;
12;MINIMAX;2;0.059;4;26;16.0;44572; ;
13;MINIMAX;1;0.054;4;24;13.0;41788; ;
14;MINIMAX;2;0.054;4;23;14.0;42136; ;
15;MINIMAX;1;0.071;4;23;15.0;55082; ;
16;MINIMAX;2;0.06;4;22;14.0;46008; ;
17;MINIMAX;1;0.048;4;20;13.0;37928; ;
18;MINIMAX;2;0.06;4;20;13.0;46670; ;
19;MINIMAX;1;0.062;4;20;14.0;49081; ;
20;MINIMAX;2;0.05;4;20;13.0;38341;VITORIA;
1;MINIMAX;2;0.019;4;16;11.0;13602; ;
2;MINIMAX;1;0.025;4;19;13.0;19638; ;
3;MINIMAX;2;0.043;4;20;14.0;34205; ;
4;MINIMAX;1;0.062;4;21;13.0;42734; ;
5;MINIMAX;2;0.063;4;23;15.0;45274; ;
6;MINIMAX;1;0.121;4;22;16.0;69084; ;
7;MINIMAX;2;0.084;4;21;13.0;47826; ;
8;MINIMAX;1;0.053;4;21;14.0;37036; ;
9;MINIMAX;2;0.041;4;20;12.0;31000; ;
10;MINIMAX;1;0.053;4;23;16.0;40346; ;
11;MINIMAX;2;0.056;4;21;12.0;40645; ;
12;MINIMAX;1;0.028;4;20;14.0;21690; ;
13;MINIMAX;2;0.038;4;20;13.0;28794; ;
14;MINIMAX;1;0.036;4;20;13.0;27502; ;
15;MINIMAX;2;0.04;4;19;13.0;29280; ;
16;MINIMAX;1;0.031;4;18;13.0;24531; ;
17;MINIMAX;2;0.033;4;18;12.0;24474; ;
18;MINIMAX;1;0.037;4;20;13.0;28271; ;
19;MINIMAX;2;0.044;4;21;14.0;34579;VITORIA;
1;MINIMAX;1;0.019;4;16;11.0;13602; ;
2;MINIMAX;2;0.025;4;19;13.0;19638; ;
3;MINIMAX;1;0.044;4;20;14.0;34205; ;
4;MINIMAX;2;0.054;4;20;13.0;41096; ;
5;MINIMAX;1;0.063;4;23;16.0;46937; ;
6;MINIMAX;2;0.106;4;23;15.0;84630; ;
7;MINIMAX;1;0.085;4;22;16.0;64392; ;
8;MINIMAX;2;0.106;4;25;17.0;81501; ;
9;MINIMAX;1;0.096;4;21;15.0;73104; ;
10;MINIMAX;2;0.073;4;24;16.0;56510; ;
11;MINIMAX;1;0.084;4;21;14.0;67015; ;
12;MINIMAX;2;0.058;4;23;14.0;43626; ;
13;MINIMAX;1;0.042;4;20;14.0;30858; ;
14;MINIMAX;2;0.074;4;24;16.0;56510; ;
15;MINIMAX;1;0.087;4;21;14.0;67015; ;
16;MINIMAX;2;0.057;4;23;14.0;43626; ;
17;MINIMAX;1;0.042;4;20;14.0;30858; ;
18;MINIMAX;2;0.074;4;24;16.0;56510; ;
19;MINIMAX;1;0.088;4;21;14.0;67015; ;
20;MINIMAX;2;0.057;4;23;14.0;43626; ;
21;MINIMAX;1;0.04;4;20;14.0;30858; ;
22;MINIMAX;2;0.073;4;24;16.0;56510; ;
23;MINIMAX;1;0.089;4;21;14.0;67015; ;
24;MINIMAX;2;0.056;4;23;14.0;43626; ;
25;MINIMAX;1;0.041;4;20;14.0;30858; ;
26;MINIMAX;2;0.076;4;24;16.0;56510; ;
27;MINIMAX;1;0.101;4;21;14.0;67015; ;
28;MINIMAX;2;0.072;4;23;14.0;43626; ;
29;MINIMAX;1;0.047;4;20;14.0;30858; ;
30;MINIMAX;2;0.074;4;24;16.0;56510;EMPATE;
1;MINIMAX;2;0.018;4;16;11.0;13602; ;
2;MINIMAX;1;0.025;4;19;13.0;19638; ;
3;MINIMAX;2;0.045;4;20;14.0;34205; ;
4;MINIMAX;1;0.053;4;20;13.0;41096; ;
5;MINIMAX;2;0.06;4;23;16.0;46937; ;
6;MINIMAX;1;0.058;4;22;12.0;44669; ;
7;MINIMAX;2;0.059;4;26;17.0;46069; ;
8;MINIMAX;1;0.085;4;23;13.0;65951; ;
9;MINIMAX;2;0.057;4;24;17.0;44763; ;
10;MINIMAX;1;0.052;4;23;12.0;41149; ;
11;MINIMAX;2;0.045;4;21;15.0;35384; ;
12;MINIMAX;1;0.046;4;20;12.0;37720; ;
13;MINIMAX;2;0.055;4;24;16.0;38105; ;
14;MINIMAX;1;0.053;4;23;12.0;41456; ;
15;MINIMAX;2;0.055;4;22;15.0;43068; ;
16;MINIMAX;1;0.06;4;21;13.0;46117; ;
17;MINIMAX;2;0.08;4;24;17.0;61485; ;
18;MINIMAX;1;0.105;4;22;14.0;78860; ;
19;MINIMAX;2;0.101;4;24;17.0;77450; ;
20;MINIMAX;1;0.081;4;22;14.0;63282; ;
21;MINIMAX;2;0.074;4;22;16.0;56334;VITORIA;
1;MINIMAX;1;0.022;4;16;11.0;13602; ;
2;MINIMAX;2;0.027;4;19;13.0;19638; ;
3;MINIMAX;1;0.045;4;20;14.0;34205; ;
4;MINIMAX;2;0.054;4;20;13.0;41096; ;
5;MINIMAX;1;0.063;4;23;16.0;46937; ;
6;MINIMAX;2;0.112;4;23;15.0;84630; ;
7;MINIMAX;1;0.084;4;22;16.0;64392; ;
8;MINIMAX;2;0.113;4;25;17.0;81501; ;
9;MINIMAX;1;0.095;4;22;14.0;72159; ;
10;MINIMAX;2;0.075;4;23;15.0;56738; ;
11;MINIMAX;1;0.068;4;23;13.0;51660; ;
12;MINIMAX;2;0.06;4;26;17.0;47856; ;
13;MINIMAX;1;0.091;4;25;12.0;69388; ;
14;MINIMAX;2;0.046;4;25;16.0;35604; ;
15;MINIMAX;1;0.054;4;22;12.0;40983; ;
16;MINIMAX;2;0.053;4;26;16.0;37507; ;
17;MINIMAX;1;0.046;4;26;11.0;36205; ;
18;MINIMAX;2;0.03;4;23;15.0;21783; ;
19;MINIMAX;1;0.043;4;22;11.0;31626; ;
20;MINIMAX;2;0.053;4;24;16.0;40983; ;
21;MINIMAX;1;0.052;4;23;12.0;40783; ;
22;MINIMAX;2;0.067;4;25;16.0;51246; ;
23;MINIMAX;1;0.081;4;25;14.0;62432; ;
24;MINIMAX;2;0.058;4;25;16.0;46592; ;
25;MINIMAX;1;0.077;4;21;14.0;55437; ;
26;MINIMAX;2;0.068;4;23;15.0;51557; ;
27;MINIMAX;1;0.07;4;22;15.0;55005; ;
28;MINIMAX;2;0.078;4;26;17.0;63135; ;
29;MINIMAX;1;0.078;4;21;14.0;56322; ;
30;MINIMAX;2;0.08;4;23;15.0;61707;EMPATE;
1;MINIMAX;2;0.017;4;16;11.0;13602; ;
2;MINIMAX;1;0.025;4;19;12.0;19624; ;
3;MINIMAX;2;0.04;4;20;14.0;31692; ;
4;MINIMAX;1;0.072;4;23;15.0;56038; ;
5;MINIMAX;2;0.066;4;22;14.0;50773; ;
6;MINIMAX;1;0.081;4;26;17.0;61744; ;
7;MINIMAX;2;0.073;4;25;12.0;56841; ;
8;MINIMAX;1;0.066;4;27;19.0;51893; ;
9;MINIMAX;2;0.068;4;26;10.0;50839; ;
10;MINIMAX;1;0.031;4;25;16.0;23657; ;
11;MINIMAX;2;0.052;4;25;11.0;39749; ;
12;MINIMAX;1;0.038;4;25;16.0;28724; ;
13;MINIMAX;2;0.033;4;24;11.0;24526; ;
14;MINIMAX;1;0.039;4;23;15.0;29724; ;
15;MINIMAX;2;0.06;4;20;13.0;47536; ;
16;MINIMAX;1;0.051;4;23;16.0;40940; ;
17;MINIMAX;2;0.092;4;22;14.0;69039; ;
18;MINIMAX;1;0.065;4;22;15.0;50691; ;
19;MINIMAX;2;0.058;4;22;13.0;45488; ;
20;MINIMAX;1;0.059;4;21;15.0;44889; ;
21;MINIMAX;2;0.045;4;21;12.0;33996;VITORIA;
1;MINIMAX;1;0.017;4;16;11.0;13602; ;
2;MINIMAX;2;0.027;4;19;12.0;19624; ;
3;MINIMAX;1;0.043;4;20;14.0;31692; ;
4;MINIMAX;2;0.075;4;23;15.0;56038; ;
5;MINIMAX;1;0.065;4;22;14.0;50773; ;
6;MINIMAX;2;0.08;4;26;17.0;61744; ;
7;MINIMAX;1;0.076;4;25;12.0;56794; ;
8;MINIMAX;2;0.067;4;27;19.0;51882; ;
9;MINIMAX;1;0.079;4;26;12.0;62500; ;
10;MINIMAX;2;0.078;4;26;20.0;59568; ;
11;MINIMAX;1;0.104;4;25;13.0;83686; ;
12;MINIMAX;2;0.057;4;26;16.0;44572; ;
13;MINIMAX;1;0.082;4;22;14.0;64746; ;
14;MINIMAX;2;0.086;4;24;16.0;68329; ;
15;MINIMAX;1;0.086;4;21;15.0;70087; ;
16;MINIMAX;2;0.064;4;23;14.0;50186; ;
17;MINIMAX;1;0.061;4;23;15.0;46146; ;
18;MINIMAX;2;0.05;4;23;13.0;37630; ;
19;MINIMAX;1;0.044;4;20;14.0;34724; ;
20;MINIMAX;2;0.04;4;20;12.0;27941; ;
21;MINIMAX;1;0.036;4;21;14.0;26002; ;
22;MINIMAX;2;0.055;4;21;12.0;40996; ;
23;MINIMAX;1;0.031;4;22;15.0;23622; ;
24;MINIMAX;2;0.028;4;21;11.0;21118; ;
25;MINIMAX;1;0.025;4;21;14.0;18157; ;
26;MINIMAX;2;0.04;4;20;12.0;29621; ;
27;MINIMAX;1;0.052;4;21;14.0;40931; ;
28;MINIMAX;2;0.026;4;21;12.0;20420; ;
29;MINIMAX;1;0.031;4;20;13.0;24215; ;
30;MINIMAX;2;0.027;4;18;13.0;19686;VITORIA;
1;MINIMAX;2;0.019;4;16;11.0;13602; ;
2;MINIMAX;1;0.027;4;19;12.0;19624; ;
3;MINIMAX;2;0.041;4;20;14.0;31692; ;
4;MINIMAX;1;0.073;4;23;15.0;56038; ;
5;MINIMAX;2;0.064;4;22;14.0;50773; ;
6;MINIMAX;1;0.083;4;26;17.0;61744; ;
7;MINIMAX;2;0.073;4;25;12.0;56841; ;
8;MINIMAX;1;0.066;4;27;19.0;51893; ;
9;MINIMAX;2;0.064;4;26;10.0;50839; ;
10;MINIMAX;1;0.03;4;25;16.0;23657; ;
11;MINIMAX;2;0.049;4;25;11.0;39749; ;
12;MINIMAX;1;0.053;4;26;17.0;39437; ;
13;MINIMAX;2;0.043;4;25;11.0;32380; ;
14;MINIMAX;1;0.033;4;26;17.0;23786; ;
15;MINIMAX;2;0.055;4;25;11.0;41887; ;
16;MINIMAX;1;0.034;4;25;16.0;25531; ;
17;MINIMAX;2;0.044;4;24;12.0;33861; ;
18;MINIMAX;1;0.046;4;23;15.0;35320; ;
19;MINIMAX;2;0.046;4;21;13.0;35158; ;
20;MINIMAX;1;0.057;4;23;16.0;43529; ;
21;MINIMAX;2;0.064;4;21;12.0;48588; ;
22;MINIMAX;1;0.051;4;22;15.0;39965; ;
23;MINIMAX;2;0.035;4;21;12.0;27191; ;
24;MINIMAX;1;0.036;4;20;14.0;27902; ;
25;MINIMAX;2;0.04;4;21;14.0;30388; ;
26;MINIMAX;1;0.049;4;21;14.0;37334; ;
27;MINIMAX;2;0.048;4;21;14.0;36567; ;
28;MINIMAX;1;0.036;4;19;12.0;27274; ;
29;MINIMAX;2;0.031;4;23;14.0;23850; ;
30;MINIMAX;1;0.05;4;21;13.0;35294;EMPATE;
1;MINIMAX;1;0.02;4;16;11.0;13602; ;
2;MINIMAX;2;0.026;4;19;13.0;19638; ;
3;MINIMAX;1;0.045;4;20;14.0;34205; ;
4;MINIMAX;2;0.054;4;20;13.0;41096; ;
5;MINIMAX;1;0.064;4;23;16.0;46937; ;
6;MINIMAX;2;0.112;4;23;15.0;84630; ;
7;MINIMAX;1;0.1;4;24;14.0;79159; ;
8;MINIMAX;2;0.083;4;24;16.0;64675; ;
9;MINIMAX;1;0.073;4;22;14.0;56256; ;
10;MINIMAX;2;0.058;4;23;15.0;44707; ;
11;MINIMAX;1;0.054;4;20;13.0;41928; ;
12;MINIMAX;2;0.056;4;24;16.0;42256; ;
13;MINIMAX;1;0.035;4;23;11.0;24642; ;
14;MINIMAX;2;0.044;4;24;15.0;33723; ;
15;MINIMAX;1;0.044;4;21;13.0;34189;VITORIA;
1;MINIMAX;2;0.022;4;16;11.0;13602; ;
2;MINIMAX;1;0.025;4;19;13.0;19638; ;
3;MINIMAX;2;0.045;4;20;14.0;34205; ;
4;MINIMAX;1;0.054;4;21;13.0;42734; ;
5;MINIMAX;2;0.059;4;23;15.0;45274; ;
6;MINIMAX;1;0.085;4;22;16.0;69084; ;
7;MINIMAX;2;0.063;4;21;13.0;47826; ;
8;MINIMAX;1;0.048;4;21;14.0;37036; ;
9;MINIMAX;2;0.041;4;20;12.0;31000; ;
10;MINIMAX;1;0.055;4;23;16.0;40346; ;
11;MINIMAX;2;0.053;4;21;12.0;40645; ;
12;MINIMAX;1;0.028;4;20;14.0;21690; ;
13;MINIMAX;2;0.047;4;23;14.0;36219; ;
14;MINIMAX;1;0.048;4;23;13.0;38303; ;
15;MINIMAX;2;0.047;4;21;13.0;33731; ;
16;MINIMAX;1;0.048;4;20;13.0;37848; ;
17;MINIMAX;2;0.041;4;24;14.0;30049;VITORIA;
1;MINIMAX;1;0.019;4;16;11.0;13602; ;
2;MINIMAX;2;0.025;4;19;12.0;19624; ;
3;MINIMAX;1;0.043;4;20;14.0;31692; ;
4;MINIMAX;2;0.074;4;23;15.0;56038; ;
5;MINIMAX;1;0.066;4;22;14.0;50773; ;
6;MINIMAX;2;0.082;4;26;17.0;61744; ;
7;MINIMAX;1;0.074;4;25;12.0;56794; ;
8;MINIMAX;2;0.069;4;27;19.0;51882; ;
9;MINIMAX;1;0.084;4;26;12.0;62500; ;
10;MINIMAX;2;0.079;4;26;20.0;59568; ;
11;MINIMAX;1;0.11;4;25;13.0;83686; ;
12;MINIMAX;2;0.058;4;26;16.0;44572; ;
13;MINIMAX;1;0.082;4;22;14.0;64746; ;
14;MINIMAX;2;0.069;4;22;15.0;53482; ;
15;MINIMAX;1;0.063;4;21;14.0;48567; ;
16;MINIMAX;2;0.064;4;23;15.0;46938; ;
17;MINIMAX;1;0.056;4;21;13.0;43252; ;
18;MINIMAX;2;0.045;4;20;13.0;34063; ;
19;MINIMAX;1;0.043;4;21;14.0;32483; ;
20;MINIMAX;2;0.035;4;20;12.0;25957; ;
21;MINIMAX;1;0.025;4;19;12.0;19276; ;
22;MINIMAX;2;0.042;4;22;14.0;32230; ;
23;MINIMAX;1;0.051;4;20;14.0;39492; ;
24;MINIMAX;2;0.044;4;21;13.0;32898; ;
25;MINIMAX;1;0.034;4;20;12.0;25208; ;
26;MINIMAX;2;0.025;4;18;12.0;18255; ;
27;MINIMAX;1;0.028;4;20;13.0;20554; ;
28;MINIMAX;2;0.041;4;21;13.0;32898; ;
29;MINIMAX;1;0.033;4;20;12.0;25208; ;
30;MINIMAX;2;0.025;4;18;12.0;18255;EMPATE;
1;MINIMAX;2;0.018;4;16;11.0;13602; ;
2;MINIMAX;1;0.025;4;19;13.0;19638; ;
3;MINIMAX;2;0.046;4;20;14.0;34205; ;
4;MINIMAX;1;0.054;4;20;13.0;41096; ;
5;MINIMAX;2;0.066;4;23;16.0;46937; ;
6;MINIMAX;1;0.058;4;22;12.0;44669; ;
7;MINIMAX;2;0.062;4;26;17.0;46069; ;
8;MINIMAX;1;0.086;4;23;13.0;65951; ;
9;MINIMAX;2;0.062;4;24;17.0;44763; ;
10;MINIMAX;1;0.054;4;23;12.0;41149; ;
11;MINIMAX;2;0.047;4;21;15.0;35384; ;
12;MINIMAX;1;0.049;4;20;12.0;37720; ;
13;MINIMAX;2;0.053;4;24;16.0;38105; ;
14;MINIMAX;1;0.054;4;23;12.0;41456; ;
15;MINIMAX;2;0.057;4;22;15.0;43068; ;
16;MINIMAX;1;0.059;4;21;13.0;46117; ;
17;MINIMAX;2;0.081;4;24;17.0;61485; ;
18;MINIMAX;1;0.1;4;22;14.0;78860; ;
19;MINIMAX;2;0.097;4;24;17.0;61354; ;
20;MINIMAX;1;0.08;4;21;13.0;62562; ;
21;MINIMAX;2;0.06;4;23;15.0;42257; ;
22;MINIMAX;1;0.047;4;20;14.0;35866; ;
23;MINIMAX;2;0.05;4;20;14.0;38966; ;
24;MINIMAX;1;0.061;4;23;15.0;48543; ;
25;MINIMAX;2;0.061;4;22;14.0;45997; ;
26;MINIMAX;1;0.048;4;22;15.0;36627; ;
27;MINIMAX;2;0.075;4;22;15.0;57351; ;
28;MINIMAX;1;0.09;4;26;17.0;66555; ;
29;MINIMAX;2;0.095;4;24;13.0;68301; ;
30;MINIMAX;1;0.087;4;24;16.0;62388;EMPATE;
1;MINIMAX;1;0.02;4;16;11.0;13602; ;
2;MINIMAX;2;0.029;4;19;13.0;19638; ;
3;MINIMAX;1;0.048;4;20;14.0;34205; ;
4;MINIMAX;2;0.06;4;21;13.0;42734; ;
5;MINIMAX;1;0.068;4;23;15.0;45274; ;
6;MINIMAX;2;0.093;4;22;16.0;69084; ;
7;MINIMAX;1;0.061;4;21;13.0;47826; ;
8;MINIMAX;2;0.051;4;21;14.0;37036; ;
9;MINIMAX;1;0.039;4;20;12.0;31000; ;
10;MINIMAX;2;0.052;4;23;16.0;40346; ;
11;MINIMAX;1;0.103;4;23;14.0;79361; ;
12;MINIMAX;2;0.11;4;25;16.0;84921; ;
13;MINIMAX;1;0.09;4;22;15.0;68790; ;
14;MINIMAX;2;0.058;4;24;15.0;42988; ;
15;MINIMAX;1;0.049;4;21;13.0;37654; ;
16;MINIMAX;2;0.028;4;19;12.0;21604; ;
17;MINIMAX;1;0.042;4;21;13.0;29674; ;
18;MINIMAX;2;0.047;4;20;14.0;35579; ;
19;MINIMAX;1;0.035;4;19;13.0;25922; ;
20;MINIMAX;2;0.036;4;20;13.0;26232; ;
21;MINIMAX;1;0.042;4;19;13.0;32045; ;
22;MINIMAX;2;0.051;4;23;14.0;35144; ;
23;MINIMAX;1;0.032;4;20;13.0;23913; ;
24;MINIMAX;2;0.03;4;19;12.0;20660; ;
25;MINIMAX;1;0.031;4;23;13.0;22359; ;
26;MINIMAX;2;0.028;4;20;12.0;19427; ;
27;MINIMAX;1;0.031;4;21;13.0;21879; ;
28;MINIMAX;2;0.031;4;21;12.0;23027; ;
29;MINIMAX;1;0.025;4;20;13.0;17207; ;
30;MINIMAX;2;0.022;4;20;12.0;17151;EMPATE;
1;MINIMAX;2;0.017;4;16;11.0;13602; ;
2;MINIMAX;1;0.026;4;19;12.0;19624; ;
3;MINIMAX;2;0.043;4;20;14.0;31692; ;
4;MINIMAX;1;0.073;4;23;15.0;56038; ;
5;MINIMAX;2;0.066;4;22;14.0;50773; ;
6;MINIMAX;1;0.08;4;26;17.0;61744; ;
7;MINIMAX;2;0.073;4;25;12.0;56794; ;
8;MINIMAX;1;0.067;4;27;19.0;51882; ;
9;MINIMAX;2;0.065;4;26;10.0;50839; ;
10;MINIMAX;1;0.031;4;25;16.0;23657; ;
11;MINIMAX;2;0.051;4;25;11.0;39749; ;
12;MINIMAX;1;0.039;4;25;16.0;28724; ;
13;MINIMAX;2;0.033;4;24;11.0;24562; ;
14;MINIMAX;1;0.045;4;24;15.0;35230; ;
15;MINIMAX;2;0.075;4;21;13.0;56480; ;
16;MINIMAX;1;0.063;4;23;17.0;49834; ;
17;MINIMAX;2;0.081;4;22;13.0;66134; ;
18;MINIMAX;1;0.062;4;23;15.0;48646; ;
19;MINIMAX;2;0.054;4;22;13.0;41082; ;
20;MINIMAX;1;0.058;4;21;15.0;45259; ;
21;MINIMAX;2;0.056;4;21;13.0;39172; ;
22;MINIMAX;1;0.047;4;21;15.0;36935; ;
23;MINIMAX;2;0.059;4;22;14.0;45727;VITORIA;
1;MINIMAX;1;0.02;4;16;11.0;13602; ;
2;MINIMAX;2;0.026;4;19;12.0;19624; ;
3;MINIMAX;1;0.042;4;20;14.0;31692; ;
4;MINIMAX;2;0.074;4;23;15.0;56038; ;
5;MINIMAX;1;0.064;4;22;14.0;50773; ;
6;MINIMAX;2;0.086;4;26;17.0;61744; ;
7;MINIMAX;1;0.074;4;25;12.0;56794; ;
8;MINIMAX;2;0.067;4;27;19.0;51882; ;
9;MINIMAX;1;0.082;4;26;12.0;62500; ;
10;MINIMAX;2;0.041;4;25;16.0;30717; ;
11;MINIMAX;1;0.041;4;24;11.0;31821; ;
12;MINIMAX;2;0.039;4;22;14.0;27717; ;
13;MINIMAX;1;0.066;4;21;13.0;50307; ;
14;MINIMAX;2;0.053;4;22;15.0;40810; ;
15;MINIMAX;1;0.083;4;23;15.0;64988; ;
16;MINIMAX;2;0.069;4;22;14.0;54776; ;
17;MINIMAX;1;0.054;4;22;14.0;39381; ;
18;MINIMAX;2;0.063;4;21;15.0;50154; ;
19;MINIMAX;1;0.046;4;22;14.0;35080; ;
20;MINIMAX;2;0.063;4;21;14.0;48418; ;
21;MINIMAX;1;0.036;4;21;12.0;28607;VITORIA;
1;MINIMAX;2;0.02;4;16;11.0;13602; ;
2;MINIMAX;1;0.028;4;19;13.0;19638; ;
3;MINIMAX;2;0.045;4;20;14.0;34205; ;
4;MINIMAX;1;0.054;4;20;13.0;41096; ;
5;MINIMAX;2;0.063;4;23;16.0;46937; ;
6;MINIMAX;1;0.069;4;23;12.0;51026; ;
7;MINIMAX;2;0.052;4;20;15.0;40018; ;
8;MINIMAX;1;0.039;4;19;12.0;29666; ;
9;MINIMAX;2;0.029;4;18;12.0;21796; ;
10;MINIMAX;1;0.051;4;22;14.0;39072; ;
11;MINIMAX;2;0.037;4;20;12.0;28741; ;
12;MINIMAX;1;0.04;4;25;16.0;29449; ;
13;MINIMAX;2;0.06;4;23;12.0;44434; ;
14;MINIMAX;1;0.045;4;22;15.0;33026; ;
15;MINIMAX;2;0.042;4;21;12.0;32078; ;
16;MINIMAX;1;0.033;4;24;16.0;24639; ;
17;MINIMAX;2;0.038;4;24;11.0;29695; ;
18;MINIMAX;1;0.024;4;22;14.0;17414; ;
19;MINIMAX;2;0.041;4;20;13.0;32509; ;
20;MINIMAX;1;0.041;4;22;14.0;27937; ;
21;MINIMAX;2;0.029;4;20;11.0;21389; ;
22;MINIMAX;1;0.026;4;25;15.0;20858; ;
23;MINIMAX;2;0.037;4;25;11.0;27342; ;
24;MINIMAX;1;0.031;4;23;15.0;24342; ;
25;MINIMAX;2;0.03;4;22;11.0;23129; ;
26;MINIMAX;1;0.05;4;26;16.0;37076; ;
27;MINIMAX;2;0.073;4;24;12.0;56796; ;
28;MINIMAX;1;0.049;4;24;15.0;37291; ;
29;MINIMAX;2;0.044;4;24;11.0;34315; ;
30;MINIMAX;1;0.041;4;24;16.0;31943;EMPATE;
1;MINIMAX;1;0.018;4;16;11.0;13602; ;
2;MINIMAX;2;0.027;4;19;13.0;19638; ;
3;MINIMAX;1;0.047;4;20;14.0;34205; ;
4;MINIMAX;2;0.054;4;20;13.0;41096; ;
5;MINIMAX;1;0.064;4;23;16.0;46937; ;
6;MINIMAX;2;0.11;4;23;15.0;84630; ;
7;MINIMAX;1;0.106;4;24;14.0;79159; ;
8;MINIMAX;2;0.083;4;24;16.0;64675; ;
9;MINIMAX;1;0.053;4;23;13.0;41718; ;
10;MINIMAX;2;0.05;4;25;15.0;38075; ;
11;MINIMAX;1;0.064;4;23;14.0;50030; ;
12;MINIMAX;2;0.059;4;25;14.0;44860; ;
13;MINIMAX;1;0.061;4;22;15.0;45235; ;
14;MINIMAX;2;0.106;4;26;17.0;79980; ;
15;MINIMAX;1;0.131;4;22;14.0;92259; ;
16;MINIMAX;2;0.07;4;24;15.0;55429; ;
17;MINIMAX;1;0.052;4;23;13.0;40781; ;
18;MINIMAX;2;0.037;4;21;13.0;27712; ;
19;MINIMAX;1;0.035;4;20;13.0;26792; ;
20;MINIMAX;2;0.041;4;19;13.0;29688; ;
21;MINIMAX;1;0.034;4;22;14.0;25938; ;
22;MINIMAX;2;0.058;4;21;13.0;44866; ;
23;MINIMAX;1;0.058;4;23;15.0;45028; ;
24;MINIMAX;2;0.076;4;23;13.0;58251; ;
25;MINIMAX;1;0.072;4;22;15.0;55729; ;
26;MINIMAX;2;0.065;4;23;14.0;52064; ;
27;MINIMAX;1;0.064;4;22;16.0;50240; ;
28;MINIMAX;2;0.076;4;22;14.0;56791; ;
29;MINIMAX;1;0.089;4;23;16.0;69354; ;
30;MINIMAX;2;0.085;4;23;14.0;67012;EMPATE;
1;MINIMAX;2;0.019;4;16;11.0;13602; ;
2;MINIMAX;1;0.027;4;19;13.0;19638; ;
3;MINIMAX;2;0.044;4;20;14.0;34205; ;
4;MINIMAX;1;0.053;4;20;13.0;41096; ;
5;MINIMAX;2;0.062;4;23;16.0;46937; ;
6;MINIMAX;1;0.06;4;22;12.0;44669; ;
7;MINIMAX;2;0.058;4;26;17.0;46069; ;
8;MINIMAX;1;0.082;4;23;13.0;65951; ;
9;MINIMAX;2;0.059;4;24;17.0;44763; ;
10;MINIMAX;1;0.064;4;24;12.0;48552; ;
11;MINIMAX;2;0.048;4;21;15.0;36448; ;
12;MINIMAX;1;0.058;4;23;14.0;45519; ;
13;MINIMAX;2;0.066;4;22;14.0;52118; ;
14;MINIMAX;1;0.049;4;20;14.0;37665; ;
15;MINIMAX;2;0.036;4;20;13.0;26397; ;
16;MINIMAX;1;0.043;4;19;13.0;32787; ;
17;MINIMAX;2;0.044;4;22;14.0;33975; ;
18;MINIMAX;1;0.048;4;20;13.0;35914; ;
19;MINIMAX;2;0.035;4;20;13.0;26397; ;
20;MINIMAX;1;0.038;4;22;14.0;27786; ;
21;MINIMAX;2;0.046;4;21;13.0;35274; ;
22;MINIMAX;1;0.056;4;26;17.0;44390; ;
23;MINIMAX;2;0.058;4;21;12.0;45074; ;
24;MINIMAX;1;0.036;4;22;14.0;27786; ;
25;MINIMAX;2;0.047;4;21;13.0;35274; ;
26;MINIMAX;1;0.059;4;26;17.0;44390; ;
27;MINIMAX;2;0.059;4;21;12.0;45074; ;
28;MINIMAX;1;0.037;4;22;14.0;27786; ;
29;MINIMAX;2;0.045;4;21;13.0;35274; ;
30;MINIMAX;1;0.058;4;26;17.0;44390;EMPATE;
1;MINIMAX;1;0.02;4;16;11.0;13602; ;
2;MINIMAX;2;0.025;4;19;13.0;19638; ;
3;MINIMAX;1;0.043;4;20;14.0;34205; ;
4;MINIMAX;2;0.053;4;20;13.0;41096; ;
5;MINIMAX;1;0.06;4;23;16.0;46937; ;
6;MINIMAX;2;0.114;4;23;15.0;84630; ;
7;MINIMAX;1;0.085;4;22;16.0;64392; ;
8;MINIMAX;2;0.109;4;25;17.0;81501; ;
9;MINIMAX;1;0.094;4;22;14.0;72159; ;
10;MINIMAX;2;0.076;4;23;15.0;56738; ;
11;MINIMAX;1;0.068;4;23;13.0;51660; ;
12;MINIMAX;2;0.062;4;26;17.0;47856; ;
13;MINIMAX;1;0.09;4;25;12.0;69388; ;
14;MINIMAX;2;0.046;4;25;16.0;35604; ;
15;MINIMAX;1;0.055;4;22;12.0;40983; ;
16;MINIMAX;2;0.049;4;26;16.0;37507; ;
17;MINIMAX;1;0.047;4;26;11.0;36205; ;
18;MINIMAX;2;0.028;4;23;15.0;21783; ;
19;MINIMAX;1;0.039;4;22;11.0;30082; ;
20;MINIMAX;2;0.053;4;24;16.0;41025; ;
21;MINIMAX;1;0.081;4;24;13.0;58423;VITORIA;
1;MINIMAX;2;0.018;4;16;11.0;13602; ;
2;MINIMAX;1;0.027;4;19;13.0;19638; ;
3;MINIMAX;2;0.052;4;20;14.0;34205; ;
4;MINIMAX;1;0.052;4;20;13.0;41096; ;
5;MINIMAX;2;0.064;4;23;16.0;46937; ;
6;MINIMAX;1;0.057;4;22;12.0;44669; ;
7;MINIMAX;2;0.062;4;26;17.0;46069; ;
8;MINIMAX;1;0.087;4;23;13.0;65951; ;
9;MINIMAX;2;0.061;4;24;17.0;44763; ;
10;MINIMAX;1;0.054;4;23;12.0;41149; ;
11;MINIMAX;2;0.05;4;21;15.0;35384; ;
12;MINIMAX;1;0.048;4;20;12.0;37720; ;
13;MINIMAX;2;0.05;4;24;16.0;38105; ;
14;MINIMAX;1;0.052;4;23;12.0;41456; ;
15;MINIMAX;2;0.058;4;22;15.0;43068; ;
16;MINIMAX;1;0.06;4;21;13.0;46117; ;
17;MINIMAX;2;0.08;4;24;17.0;61485; ;
18;MINIMAX;1;0.103;4;22;14.0;78860; ;
19;MINIMAX;2;0.074;4;23;15.0;55854; ;
20;MINIMAX;1;0.068;4;23;15.0;51083; ;
21;MINIMAX;2;0.073;4;22;14.0;55687; ;
22;MINIMAX;1;0.059;4;22;15.0;45580; ;
23;MINIMAX;2;0.047;4;22;12.0;35835; ;
24;MINIMAX;1;0.06;4;26;17.0;47570; ;
25;MINIMAX;2;0.074;4;25;12.0;55197; ;
26;MINIMAX;1;0.055;4;23;15.0;43184; ;
27;MINIMAX;2;0.05;4;21;13.0;38368; ;
28;MINIMAX;1;0.04;4;22;15.0;32899; ;
29;MINIMAX;2;0.045;4;20;13.0;33757;VITORIA;
1;MINIMAX;1;0.018;4;16;11.0;13602; ;
2;MINIMAX;2;0.027;4;19;12.0;19624; ;
3;MINIMAX;1;0.041;4;20;14.0;31692; ;
4;MINIMAX;2;0.074;4;23;15.0;56038; ;
5;MINIMAX;1;0.065;4;22;14.0;50773; ;
6;MINIMAX;2;0.083;4;26;17.0;61744; ;
7;MINIMAX;1;0.073;4;25;12.0;56794; ;
8;MINIMAX;2;0.068;4;27;19.0;51882; ;
9;MINIMAX;1;0.086;4;26;12.0;62500; ;
10;MINIMAX;2;0.079;4;26;20.0;59568; ;
11;MINIMAX;1;0.111;4;25;13.0;83686; ;
12;MINIMAX;2;0.058;4;26;16.0;44572; ;
13;MINIMAX;1;0.053;4;24;13.0;41788; ;
14;MINIMAX;2;0.057;4;23;14.0;42136; ;
15;MINIMAX;1;0.073;4;23;15.0;55082; ;
16;MINIMAX;2;0.074;4;23;14.0;57150; ;
17;MINIMAX;1;0.063;4;21;14.0;47518; ;
18;MINIMAX;2;0.058;4;23;15.0;44732; ;
19;MINIMAX;1;0.06;4;21;13.0;48479; ;
20;MINIMAX;2;0.059;4;23;16.0;43971; ;
21;MINIMAX;1;0.073;4;21;13.0;58579; ;
22;MINIMAX;2;0.081;4;23;17.0;63065; ;
23;MINIMAX;1;0.099;4;22;15.0;81419; ;
24;MINIMAX;2;0.083;4;22;16.0;64190;VITORIA;
1;MINIMAX;2;0.02;4;16;11.0;13602; ;
2;MINIMAX;1;0.026;4;19;13.0;19638; ;
3;MINIMAX;2;0.044;4;20;14.0;34205; ;
4;MINIMAX;1;0.054;4;20;13.0;41096; ;
5;MINIMAX;2;0.06;4;23;16.0;46937; ;
6;MINIMAX;1;0.067;4;23;12.0;51026; ;
7;MINIMAX;2;0.054;4;20;15.0;40018; ;
8;MINIMAX;1;0.037;4;19;12.0;29666; ;
9;MINIMAX;2;0.037;4;18;12.0;21796; ;
10;MINIMAX;1;0.05;4;22;14.0;39072; ;
11;MINIMAX;2;0.038;4;20;12.0;28741; ;
12;MINIMAX;1;0.04;4;25;16.0;29449; ;
13;MINIMAX;2;0.057;4;23;12.0;44434; ;
14;MINIMAX;1;0.044;4;22;15.0;33026; ;
15;MINIMAX;2;0.043;4;21;12.0;32078; ;
16;MINIMAX;1;0.034;4;24;16.0;24639; ;
17;MINIMAX;2;0.037;4;24;11.0;29695; ;
18;MINIMAX;1;0.023;4;22;14.0;17414; ;
19;MINIMAX;2;0.045;4;20;13.0;32509; ;
20;MINIMAX;1;0.038;4;22;14.0;27937; ;
21;MINIMAX;2;0.029;4;20;11.0;21389; ;
22;MINIMAX;1;0.028;4;25;15.0;20858; ;
23;MINIMAX;2;0.041;4;23;12.0;31951; ;
24;MINIMAX;1;0.046;4;23;15.0;34941; ;
25;MINIMAX;2;0.048;4;21;13.0;36134; ;
26;MINIMAX;1;0.033;4;20;13.0;24390; ;
27;MINIMAX;2;0.042;4;20;13.0;33436; ;
28;MINIMAX;1;0.069;4;24;16.0;52623; ;
29;MINIMAX;2;0.054;4;22;12.0;41604; ;
30;MINIMAX;1;0.05;4;23;14.0;29560;EMPATE;
1;MINIMAX;1;0.018;4;16;11.0;13602; ;
2;MINIMAX;2;0.026;4;19;13.0;19638; ;
3;MINIMAX;1;0.045;4;20;14.0;34205; ;
4;MINIMAX;2;0.057;4;20;13.0;41096; ;
5;MINIMAX;1;0.061;4;23;16.0;46937; ;
6;MINIMAX;2;0.117;4;23;15.0;84630; ;
7;MINIMAX;1;0.082;4;22;16.0;64392; ;
8;MINIMAX;2;0.105;4;25;17.0;81501; ;
9;MINIMAX;1;0.097;4;21;15.0;73104; ;
10;MINIMAX;2;0.075;4;24;16.0;56510; ;
11;MINIMAX;1;0.089;4;21;14.0;67015; ;
12;MINIMAX;2;0.059;4;23;14.0;43626; ;
13;MINIMAX;1;0.041;4;20;14.0;30858; ;
14;MINIMAX;2;0.074;4;24;16.0;56510; ;
15;MINIMAX;1;0.088;4;21;14.0;67015; ;
16;MINIMAX;2;0.06;4;23;14.0;43626; ;
17;MINIMAX;1;0.04;4;20;14.0;30858; ;
18;MINIMAX;2;0.074;4;24;16.0;56510; ;
19;MINIMAX;1;0.09;4;21;14.0;67015; ;
20;MINIMAX;2;0.055;4;23;14.0;43626; ;
21;MINIMAX;1;0.042;4;20;14.0;30858; ;
22;MINIMAX;2;0.072;4;24;16.0;56510; ;
23;MINIMAX;1;0.088;4;21;14.0;67015; ;
24;MINIMAX;2;0.055;4;23;14.0;43626; ;
25;MINIMAX;1;0.043;4;20;14.0;30858; ;
26;MINIMAX;2;0.074;4;24;16.0;56510; ;
27;MINIMAX;1;0.091;4;21;14.0;67015; ;
28;MINIMAX;2;0.057;4;23;14.0;43626; ;
29;MINIMAX;1;0.042;4;20;14.0;30858; ;
30;MINIMAX;2;0.073;4;24;16.0;56510;EMPATE;
1;MINIMAX;2;0.018;4;16;11.0;13602; ;
2;MINIMAX;1;0.026;4;19;13.0;19638; ;
3;MINIMAX;2;0.047;4;20;14.0;34205; ;
4;MINIMAX;1;0.054;4;20;13.0;41096; ;
5;MINIMAX;2;0.064;4;23;16.0;46937; ;
6;MINIMAX;1;0.065;4;23;12.0;51026; ;
7;MINIMAX;2;0.053;4;20;15.0;40018; ;
8;MINIMAX;1;0.06;4;20;13.0;45787; ;
9;MINIMAX;2;0.075;4;23;16.0;55836; ;
10;MINIMAX;1;0.075;4;23;13.0;57231; ;
11;MINIMAX;2;0.083;4;24;17.0;63360; ;
12;MINIMAX;1;0.072;4;23;13.0;55522; ;
13;MINIMAX;2;0.071;4;23;16.0;54507; ;
14;MINIMAX;1;0.077;4;23;14.0;58927;VITORIA;
1;MINIMAX;1;0.02;4;16;11.0;13602; ;
2;MINIMAX;2;0.027;4;19;13.0;19638; ;
3;MINIMAX;1;0.047;4;20;14.0;34205; ;
4;MINIMAX;2;0.056;4;21;13.0;42734; ;
5;MINIMAX;1;0.06;4;23;15.0;45274; ;
6;MINIMAX;2;0.089;4;22;16.0;69084; ;
7;MINIMAX;1;0.063;4;21;13.0;47826; ;
8;MINIMAX;2;0.047;4;21;14.0;37036; ;
9;MINIMAX;1;0.04;4;20;12.0;31000; ;
10;MINIMAX;2;0.054;4;23;16.0;40346; ;
11;MINIMAX;1;0.101;4;23;14.0;79361; ;
12;MINIMAX;2;0.111;4;25;16.0;84921; ;
13;MINIMAX;1;0.089;4;22;15.0;68790; ;
14;MINIMAX;2;0.057;4;24;15.0;42988; ;
15;MINIMAX;1;0.049;4;21;13.0;37654; ;
16;MINIMAX;2;0.03;4;19;12.0;21604; ;
17;MINIMAX;1;0.037;4;21;13.0;29674; ;
18;MINIMAX;2;0.047;4;20;14.0;35579; ;
19;MINIMAX;1;0.033;4;19;13.0;25922; ;
20;MINIMAX;2;0.029;4;19;12.0;21604; ;
21;MINIMAX;1;0.037;4;21;13.0;29674; ;
22;MINIMAX;2;0.048;4;20;14.0;35579; ;
23;MINIMAX;1;0.035;4;19;13.0;25922; ;
24;MINIMAX;2;0.028;4;19;12.0;21604; ;
25;MINIMAX;1;0.042;4;21;13.0;29674; ;
26;MINIMAX;2;0.057;4;21;13.0;43026; ;
27;MINIMAX;1;0.046;4;21;14.0;35467; ;
28;MINIMAX;2;0.034;4;18;13.0;26319; ;
29;MINIMAX;1;0.043;4;22;14.0;32869; ;
30;MINIMAX;2;0.04;4;19;13.0;30316;EMPATE;
1;MINIMAX;2;0.021;4;16;11.0;13602; ;
2;MINIMAX;1;0.027;4;19;12.0;19624; ;
3;MINIMAX;2;0.042;4;20;14.0;31692; ;
4;MINIMAX;1;0.074;4;23;15.0;56038; ;
5;MINIMAX;2;0.067;4;22;14.0;50773; ;
6;MINIMAX;1;0.084;4;26;17.0;61744; ;
7;MINIMAX;2;0.072;4;25;12.0;56841; ;
8;MINIMAX;1;0.068;4;27;19.0;51893; ;
9;MINIMAX;2;0.067;4;26;10.0;50839; ;
10;MINIMAX;1;0.031;4;25;16.0;23657; ;
11;MINIMAX;2;0.052;4;25;11.0;39749; ;
12;MINIMAX;1;0.053;4;26;17.0;39437; ;
13;MINIMAX;2;0.067;4;26;12.0;51139; ;
14;MINIMAX;1;0.042;4;23;14.0;32781; ;
15;MINIMAX;2;0.039;4;21;12.0;28390; ;
16;MINIMAX;1;0.055;4;26;16.0;40728; ;
17;MINIMAX;2;0.072;4;23;13.0;54403; ;
18;MINIMAX;1;0.038;4;22;13.0;29007; ;
19;MINIMAX;2;0.04;4;21;13.0;30318; ;
20;MINIMAX;1;0.05;4;25;16.0;37115; ;
21;MINIMAX;2;0.065;4;24;13.0;49286; ;
22;MINIMAX;1;0.054;4;25;16.0;39456; ;
23;MINIMAX;2;0.058;4;24;12.0;44177; ;
24;MINIMAX;1;0.034;4;21;15.0;25304; ;
25;MINIMAX;2;0.029;4;19;11.0;21155; ;
26;MINIMAX;1;0.023;4;21;14.0;17694; ;
27;MINIMAX;2;0.028;4;20;11.0;21114; ;
28;MINIMAX;1;0.02;4;18;12.0;14909; ;
29;MINIMAX;2;0.03;4;18;12.0;23401; ;
30;MINIMAX;1;0.034;4;21;14.0;27155;EMPATE;
1;MINIMAX;1;0.018;4;16;11.0;13602; ;
2;MINIMAX;2;0.028;4;19;13.0;19638; ;
3;MINIMAX;1;0.044;4;20;14.0;34205; ;
4;MINIMAX;2;0.054;4;20;13.0;41096; ;
5;MINIMAX;1;0.062;4;23;16.0;46937; ;
6;MINIMAX;2;0.112;4;23;15.0;84630; ;
7;MINIMAX;1;0.102;4;24;14.0;79159; ;
8;MINIMAX;2;0.088;4;24;16.0;64675; ;
9;MINIMAX;1;0.075;4;22;14.0;56256; ;
10;MINIMAX;2;0.058;4;23;15.0;44707; ;
11;MINIMAX;1;0.058;4;20;13.0;41928; ;
12;MINIMAX;2;0.055;4;24;16.0;42256; ;
13;MINIMAX;1;0.076;4;20;14.0;58761; ;
14;MINIMAX;2;0.075;4;22;15.0;58757; ;
15;MINIMAX;1;0.066;4;21;14.0;52868; ;
16;MINIMAX;2;0.051;4;19;14.0;39658; ;
17;MINIMAX;1;0.04;4;19;11.0;28832;VITORIA;
1;MINIMAX;2;0.02;4;16;11.0;13602; ;
2;MINIMAX;1;0.027;4;19;13.0;19638; ;
3;MINIMAX;2;0.048;4;20;14.0;34205; ;
4;MINIMAX;1;0.057;4;20;13.0;41096; ;
5;MINIMAX;2;0.065;4;23;16.0;46937; ;
6;MINIMAX;1;0.07;4;23;12.0;51026; ;
7;MINIMAX;2;0.055;4;20;15.0;40018; ;
8;MINIMAX;1;0.043;4;19;12.0;29666; ;
9;MINIMAX;2;0.029;4;18;12.0;21796; ;
10;MINIMAX;1;0.043;4;20;13.0;32856; ;
11;MINIMAX;2;0.035;4;19;13.0;26432; ;
12;MINIMAX;1;0.043;4;21;13.0;32452; ;
13;MINIMAX;2;0.042;4;20;13.0;31172; ;
14;MINIMAX;1;0.052;4;21;14.0;38629; ;
15;MINIMAX;2;0.073;4;23;16.0;54624; ;
16;MINIMAX;1;0.073;4;21;13.0;57395; ;
17;MINIMAX;2;0.066;4;24;17.0;50288; ;
18;MINIMAX;1;0.06;4;22;12.0;46184; ;
19;MINIMAX;2;0.061;4;21;16.0;46599; ;
20;MINIMAX;1;0.08;4;22;14.0;62038; ;
21;MINIMAX;2;0.07;4;23;16.0;53646; ;
22;MINIMAX;1;0.075;4;21;14.0;55312; ;
23;MINIMAX;2;0.085;4;23;15.0;63267; ;
24;MINIMAX;1;0.063;4;21;14.0;47936; ;
25;MINIMAX;2;0.046;4;20;13.0;32521; ;
26;MINIMAX;1;0.044;4;19;13.0;32081; ;
27;MINIMAX;2;0.041;4;21;14.0;30962; ;
28;MINIMAX;1;0.038;4;20;13.0;28352; ;
29;MINIMAX;2;0.041;4;19;13.0;31089; ;
30;MINIMAX;1;0.033;4;20;12.0;22426;EMPATE;
1;MINIMAX;1;0.02;4;16;11.0;13602; ;
2;MINIMAX;2;0.026;4;19;13.0;19638; ;
3;MINIMAX;1;0.051;4;20;14.0;34205; ;
4;MINIMAX;2;0.058;4;21;13.0;42734; ;
5;MINIMAX;1;0.06;4;23;15.0;45274; ;
6;MINIMAX;2;0.086;4;22;16.0;69084; ;
7;MINIMAX;1;0.062;4;21;13.0;47826; ;
8;MINIMAX;2;0.049;4;21;14.0;37036; ;
9;MINIMAX;1;0.039;4;20;12.0;31000; ;
10;MINIMAX;2;0.052;4;23;16.0;40346; ;
11;MINIMAX;1;0.104;4;23;14.0;79361; ;
12;MINIMAX;2;0.113;4;25;16.0;84921; ;
13;MINIMAX;1;0.087;4;22;15.0;68790; ;
14;MINIMAX;2;0.058;4;24;15.0;42988; ;
15;MINIMAX;1;0.048;4;21;13.0;37654; ;
16;MINIMAX;2;0.029;4;19;12.0;21604; ;
17;MINIMAX;1;0.04;4;21;13.0;29674; ;
18;MINIMAX;2;0.046;4;20;14.0;35579; ;
19;MINIMAX;1;0.033;4;19;13.0;25922; ;
20;MINIMAX;2;0.028;4;19;12.0;21604; ;
21;MINIMAX;1;0.038;4;21;13.0;29674; ;
22;MINIMAX;2;0.056;4;21;13.0;43026; ;
23;MINIMAX;1;0.045;4;21;14.0;35467; ;
24;MINIMAX;2;0.034;4;18;13.0;26319; ;
25;MINIMAX;1;0.043;4;22;14.0;32869; ;
26;MINIMAX;2;0.041;4;19;13.0;30316; ;
27;MINIMAX;1;0.049;4;20;14.0;32951; ;
28;MINIMAX;2;0.043;4;19;13.0;32500; ;
29;MINIMAX;1;0.045;4;22;14.0;32869; ;
30;MINIMAX;2;0.045;4;19;13.0;30316;EMPATE;
1;MINIMAX;2;0.018;4;16;11.0;13602; ;
2;MINIMAX;1;0.024;4;19;13.0;19638; ;
3;MINIMAX;2;0.046;4;20;14.0;34205; ;
4;MINIMAX;1;0.055;4;21;13.0;42734; ;
5;MINIMAX;2;0.06;4;23;15.0;45274; ;
6;MINIMAX;1;0.093;4;22;16.0;69084; ;
7;MINIMAX;2;0.062;4;21;13.0;47826; ;
8;MINIMAX;1;0.05;4;21;14.0;37036; ;
9;MINIMAX;2;0.043;4;20;12.0;31000; ;
10;MINIMAX;1;0.055;4;23;16.0;40346; ;
11;MINIMAX;2;0.056;4;21;12.0;40645; ;
12;MINIMAX;1;0.03;4;20;14.0;21690; ;
13;MINIMAX;2;0.039;4;20;12.0;27910; ;
14;MINIMAX;1;0.045;4;21;14.0;31360; ;
15;MINIMAX;2;0.036;4;19;12.0;24561; ;
16;MINIMAX;1;0.024;4;19;13.0;17210; ;
17;MINIMAX;2;0.028;4;19;11.0;19211; ;
18;MINIMAX;1;0.038;4;19;13.0;27268; ;
19;MINIMAX;2;0.034;4;21;14.0;22972;VITORIA;
1;MINIMAX;1;0.021;4;16;11.0;13602; ;
2;MINIMAX;2;0.031;4;19;13.0;19638; ;
3;MINIMAX;1;0.05;4;20;14.0;34205; ;
4;MINIMAX;2;0.065;4;21;13.0;42734; ;
5;MINIMAX;1;0.067;4;23;15.0;45274; ;
6;MINIMAX;2;0.099;4;22;16.0;69084; ;
7;MINIMAX;1;0.067;4;21;13.0;47826; ;
8;MINIMAX;2;0.075;4;21;14.0;37036; ;
9;MINIMAX;1;0.048;4;20;12.0;31000; ;
10;MINIMAX;2;0.061;4;23;16.0;40346; ;
11;MINIMAX;1;0.112;4;23;14.0;79361; ;
12;MINIMAX;2;0.118;4;25;16.0;84921; ;
13;MINIMAX;1;0.094;4;22;15.0;68790; ;
14;MINIMAX;2;0.062;4;24;15.0;42988; ;
15;MINIMAX;1;0.053;4;21;13.0;37654; ;
16;MINIMAX;2;0.03;4;19;12.0;21604; ;
17;MINIMAX;1;0.041;4;21;13.0;29674; ;
18;MINIMAX;2;0.051;4;20;14.0;35579; ;
19;MINIMAX;1;0.037;4;19;13.0;25922; ;
20;MINIMAX;2;0.037;4;20;13.0;26232; ;
21;MINIMAX;1;0.048;4;19;13.0;32045; ;
22;MINIMAX;2;0.051;4;23;14.0;35144; ;
23;MINIMAX;1;0.052;4;22;14.0;36079; ;
24;MINIMAX;2;0.039;4;20;13.0;26232; ;
25;MINIMAX;1;0.048;4;19;13.0;32045; ;
26;MINIMAX;2;0.052;4;23;14.0;35144; ;
27;MINIMAX;1;0.052;4;22;14.0;36079; ;
28;MINIMAX;2;0.04;4;20;13.0;26232; ;
29;MINIMAX;1;0.044;4;19;13.0;32045; ;
30;MINIMAX;2;0.051;4;23;14.0;35144;EMPATE;
1;MINIMAX;2;0.021;4;16;11.0;13602; ;
2;MINIMAX;1;0.029;4;19;12.0;19624; ;
3;MINIMAX;2;0.047;4;20;14.0;31692; ;
4;MINIMAX;1;0.08;4;23;15.0;56230; ;
5;MINIMAX;2;0.075;4;22;14.0;49080; ;
6;MINIMAX;1;0.092;4;26;17.0;61744; ;
7;MINIMAX;2;0.085;4;25;12.0;56794; ;
8;MINIMAX;1;0.081;4;27;19.0;51882; ;
9;MINIMAX;2;0.083;4;26;10.0;50839; ;
10;MINIMAX;1;0.036;4;25;16.0;23657; ;
11;MINIMAX;2;0.066;4;25;11.0;39749; ;
12;MINIMAX;1;0.061;4;26;17.0;39437; ;
13;MINIMAX;2;0.055;4;25;11.0;32380; ;
14;MINIMAX;1;0.036;4;26;17.0;23786; ;
15;MINIMAX;2;0.069;4;25;11.0;41887; ;
16;MINIMAX;1;0.041;4;25;16.0;25531; ;
17;MINIMAX;2;0.055;4;24;12.0;33861; ;
18;MINIMAX;1;0.06;4;23;15.0;35320; ;
19;MINIMAX;2;0.058;4;21;13.0;35158; ;
20;MINIMAX;1;0.069;4;23;16.0;43529; ;
21;MINIMAX;2;0.074;4;21;12.0;48588; ;
22;MINIMAX;1;0.063;4;22;15.0;39965; ;
23;MINIMAX;2;0.041;4;21;12.0;27191; ;
24;MINIMAX;1;0.041;4;20;14.0;27902; ;
25;MINIMAX;2;0.045;4;21;14.0;30388; ;
26;MINIMAX;1;0.059;4;21;14.0;37334; ;
27;MINIMAX;2;0.056;4;21;14.0;36567; ;
28;MINIMAX;1;0.041;4;19;12.0;27274; ;
29;MINIMAX;2;0.031;4;23;13.0;19664; ;
30;MINIMAX;1;0.048;4;23;12.0;32462;EMPATE;
1;MINIMAX;1;0.02;4;16;11.0;13602; ;
2;MINIMAX;2;0.029;4;19;13.0;19638; ;
3;MINIMAX;1;0.051;4;20;14.0;34205; ;
4;MINIMAX;2;0.059;4;20;13.0;41096; ;
5;MINIMAX;1;0.068;4;23;16.0;46937; ;
6;MINIMAX;2;0.121;4;23;15.0;84630; ;
7;MINIMAX;1;0.108;4;24;14.0;79159; ;
8;MINIMAX;2;0.09;4;24;16.0;64675; ;
9;MINIMAX;1;0.08;4;22;14.0;56256; ;
10;MINIMAX;2;0.066;4;23;15.0;44707; ;
11;MINIMAX;1;0.058;4;20;13.0;41928; ;
12;MINIMAX;2;0.06;4;24;16.0;42256; ;
13;MINIMAX;1;0.073;4;22;12.0;53058; ;
14;MINIMAX;2;0.091;4;24;16.0;64457; ;
15;MINIMAX;1;0.065;4;24;12.0;47414; ;
16;MINIMAX;2;0.088;4;26;18.0;60265; ;
17;MINIMAX;1;0.095;4;25;13.0;69756; ;
18;MINIMAX;2;0.077;4;24;16.0;54447; ;
19;MINIMAX;1;0.074;4;24;13.0;53064; ;
20;MINIMAX;2;0.059;4;24;16.0;41331; ;
21;MINIMAX;1;0.064;4;23;12.0;46614; ;
22;MINIMAX;2;0.072;4;24;16.0;52883; ;
23;MINIMAX;1;0.08;4;23;12.0;58995; ;
24;MINIMAX;2;0.061;4;24;17.0;42538; ;
25;MINIMAX;1;0.081;4;23;13.0;59991;VITORIA;
1;MINIMAX;2;0.02;4;16;11.0;13602; ;
2;MINIMAX;1;0.027;4;19;12.0;19624; ;
3;MINIMAX;2;0.046;4;20;14.0;31692; ;
4;MINIMAX;1;0.081;4;23;15.0;56038; ;
5;MINIMAX;2;0.074;4;22;14.0;50773; ;
6;MINIMAX;1;0.085;4;26;17.0;61744; ;
7;MINIMAX;2;0.08;4;25;12.0;56841; ;
8;MINIMAX;1;0.07;4;27;19.0;51893; ;
9;MINIMAX;2;0.144;4;25;13.0;89073; ;
10;MINIMAX;1;0.087;4;26;17.0;61824; ;
11;MINIMAX;2;0.11;4;25;14.0;76320; ;
12;MINIMAX;1;0.058;4;23;14.0;40906; ;
13;MINIMAX;2;0.047;4;21;13.0;32677; ;
14;MINIMAX;1;0.048;4;25;16.0;34421; ;
15;MINIMAX;2;0.079;4;21;14.0;55538; ;
16;MINIMAX;1;0.071;4;23;15.0;52225; ;
17;MINIMAX;2;0.087;4;23;16.0;62187; ;
18;MINIMAX;1;0.087;4;23;14.0;62807; ;
19;MINIMAX;2;0.077;4;21;14.0;54649; ;
20;MINIMAX;1;0.062;4;21;15.0;44470; ;
21;MINIMAX;2;0.054;4;20;14.0;37643;VITORIA;
1;MINIMAX;1;0.02;4;16;11.0;13602; ;
2;MINIMAX;2;0.028;4;19;13.0;19638; ;
3;MINIMAX;1;0.05;4;20;14.0;34205; ;
4;MINIMAX;2;0.062;4;21;13.0;42734; ;
5;MINIMAX;1;0.065;4;23;15.0;45274; ;
6;MINIMAX;2;0.1;4;22;16.0;69084; ;
7;MINIMAX;1;0.067;4;21;13.0;47826; ;
8;MINIMAX;2;0.052;4;21;14.0;37036; ;
9;MINIMAX;1;0.044;4;20;12.0;31000; ;
10;MINIMAX;2;0.058;4;23;16.0;40346; ;
11;MINIMAX;1;0.11;4;23;14.0;79361; ;
12;MINIMAX;2;0.118;4;25;16.0;84921; ;
13;MINIMAX;1;0.096;4;22;15.0;68790; ;
14;MINIMAX;2;0.058;4;24;15.0;42988; ;
15;MINIMAX;1;0.053;4;21;13.0;37654; ;
16;MINIMAX;2;0.031;4;19;12.0;21604; ;
17;MINIMAX;1;0.044;4;21;13.0;29674; ;
18;MINIMAX;2;0.05;4;20;14.0;35579; ;
19;MINIMAX;1;0.037;4;19;13.0;25922; ;
20;MINIMAX;2;0.036;4;19;12.0;21604; ;
21;MINIMAX;1;0.044;4;21;13.0;29674; ;
22;MINIMAX;2;0.054;4;20;14.0;35579; ;
23;MINIMAX;1;0.038;4;19;13.0;25922; ;
24;MINIMAX;2;0.032;4;19;12.0;21604; ;
25;MINIMAX;1;0.043;4;21;13.0;29674; ;
26;MINIMAX;2;0.052;4;20;14.0;35579; ;
27;MINIMAX;1;0.038;4;19;13.0;25922; ;
28;MINIMAX;2;0.039;4;20;13.0;26232; ;
29;MINIMAX;1;0.046;4;19;13.0;32045; ;
30;MINIMAX;2;0.05;4;23;14.0;35144;EMPATE;
1;MINIMAX;2;0.019;4;16;11.0;13602; ;
2;MINIMAX;1;0.031;4;19;13.0;19638; ;
3;MINIMAX;2;0.052;4;20;14.0;34205; ;
4;MINIMAX;1;0.062;4;21;13.0;42734; ;
5;MINIMAX;2;0.067;4;23;15.0;45274; ;
6;MINIMAX;1;0.1;4;22;16.0;69084; ;
7;MINIMAX;2;0.067;4;21;13.0;47826; ;
8;MINIMAX;1;0.051;4;21;14.0;37036; ;
9;MINIMAX;2;0.044;4;20;12.0;31000; ;
10;MINIMAX;1;0.058;4;23;16.0;40346; ;
11;MINIMAX;2;0.057;4;21;12.0;40645; ;
12;MINIMAX;1;0.031;4;20;14.0;21690; ;
13;MINIMAX;2;0.057;4;23;14.0;36681; ;
14;MINIMAX;1;0.061;4;23;13.0;38037; ;
15;MINIMAX;2;0.058;4;26;17.0;37283;VITORIA;
1;MINIMAX;1;0.022;4;16;11.0;13602; ;
2;MINIMAX;2;0.03;4;19;12.0;19624; ;
3;MINIMAX;1;0.051;4;20;14.0;31692; ;
4;MINIMAX;2;0.086;4;23;15.0;56038; ;
5;MINIMAX;1;0.077;4;22;14.0;50773; ;
6;MINIMAX;2;0.088;4;26;17.0;61744; ;
7;MINIMAX;1;0.081;4;25;12.0;56794; ;
8;MINIMAX;2;0.074;4;27;19.0;51882; ;
9;MINIMAX;1;0.087;4;26;12.0;62500; ;
10;MINIMAX;2;0.044;4;25;16.0;30717; ;
11;MINIMAX;1;0.044;4;24;11.0;31821; ;
12;MINIMAX;2;0.039;4;22;14.0;27717; ;
13;MINIMAX;1;0.071;4;21;13.0;50307; ;
14;MINIMAX;2;0.056;4;22;15.0;40810; ;
15;MINIMAX;1;0.073;4;22;14.0;50635;VITORIA;
1;MINIMAX;2;0.024;4;16;11.0;13602; ;
2;MINIMAX;1;0.029;4;19;12.0;19624; ;
3;MINIMAX;2;0.045;4;20;14.0;31692; ;
4;MINIMAX;1;0.08;4;23;15.0;56038; ;
5;MINIMAX;2;0.074;4;22;14.0;50773; ;
6;MINIMAX;1;0.106;4;26;17.0;61744; ;
7;MINIMAX;2;0.082;4;25;12.0;56794; ;
8;MINIMAX;1;0.076;4;27;19.0;51882; ;
9;MINIMAX;2;0.123;4;25;13.0;89079; ;
10;MINIMAX;1;0.084;4;26;17.0;60859; ;
11;MINIMAX;2;0.103;4;25;14.0;76136; ;
12;MINIMAX;1;0.067;4;23;15.0;49557; ;
13;MINIMAX;2;0.079;4;22;15.0;57569; ;
14;MINIMAX;1;0.079;4;24;15.0;56929; ;
15;MINIMAX;2;0.065;4;21;14.0;46583; ;
16;MINIMAX;1;0.069;4;23;15.0;50720; ;
17;MINIMAX;2;0.055;4;22;11.0;37603; ;
18;MINIMAX;1;0.032;4;24;16.0;22269; ;
19;MINIMAX;2;0.038;4;24;10.0;25988; ;
20;MINIMAX;1;0.019;4;23;14.0;13609; ;
21;MINIMAX;2;0.024;4;20;10.0;16352; ;
22;MINIMAX;1;0.017;4;18;13.0;11803; ;
23;MINIMAX;2;0.028;4;18;10.0;18484; ;
24;MINIMAX;1;0.014;4;17;12.0;9254; ;
25;MINIMAX;2;0.015;4;17;8.0;9835; ;
26;MINIMAX;1;0.018;4;19;13.0;11239; ;
27;MINIMAX;2;0.024;4;18;9.0;15037; ;
28;MINIMAX;1;0.037;4;24;15.0;23510; ;
29;MINIMAX;2;0.036;4;24;10.0;23188; ;
30;MINIMAX;1;0.02;4;19;13.0;11239;EMPATE;
1;MINIMAX;1;0.022;4;16;11.0;13602; ;
2;MINIMAX;2;0.03;4;19;13.0;19638; ;
3;MINIMAX;1;0.053;4;20;14.0;34205; ;
4;MINIMAX;2;0.06;4;20;13.0;41096; ;
5;MINIMAX;1;0.069;4;23;16.0;46937; ;
6;MINIMAX;2;0.121;4;23;15.0;84630; ;
7;MINIMAX;1;0.09;4;22;16.0;64392; ;
8;MINIMAX;2;0.111;4;25;17.0;81501; ;
9;MINIMAX;1;0.101;4;22;14.0;72159; ;
10;MINIMAX;2;0.081;4;23;15.0;56738; ;
11;MINIMAX;1;0.072;4;23;13.0;51660; ;
12;MINIMAX;2;0.07;4;26;17.0;47856; ;
13;MINIMAX;1;0.094;4;25;12.0;69388; ;
14;MINIMAX;2;0.049;4;25;16.0;35604; ;
15;MINIMAX;1;0.058;4;22;12.0;40983; ;
16;MINIMAX;2;0.052;4;26;16.0;37507; ;
17;MINIMAX;1;0.049;4;26;11.0;36205; ;
18;MINIMAX;2;0.03;4;23;15.0;21783; ;
19;MINIMAX;1;0.044;4;22;11.0;31626; ;
20;MINIMAX;2;0.065;4;24;16.0;40983; ;
21;MINIMAX;1;0.079;4;24;12.0;53747; ;
22;MINIMAX;2;0.074;4;26;18.0;54522; ;
23;MINIMAX;1;0.066;4;24;13.0;48350; ;
24;MINIMAX;2;0.053;4;22;16.0;38334; ;
25;MINIMAX;1;0.059;4;21;13.0;41517; ;
26;MINIMAX;2;0.074;4;23;15.0;52692; ;
27;MINIMAX;1;0.086;4;23;14.0;61012; ;
28;MINIMAX;2;0.063;4;23;16.0;45601; ;
29;MINIMAX;1;0.057;4;21;12.0;39504; ;
30;MINIMAX;2;0.074;4;23;16.0;57393;EMPATE;
1;MINIMAX;2;0.022;4;16;11.0;13602; ;
2;MINIMAX;1;0.03;4;19;12.0;19624; ;
3;MINIMAX;2;0.045;4;20;14.0;31692; ;
4;MINIMAX;1;0.08;4;23;15.0;56038; ;
5;MINIMAX;2;0.072;4;22;14.0;50773; ;
6;MINIMAX;1;0.108;4;26;17.0;61744; ;
7;MINIMAX;2;0.114;4;25;12.0;56794; ;
8;MINIMAX;1;0.107;4;27;19.0;51882; ;
9;MINIMAX;2;0.088;4;26;10.0;50839; ;
10;MINIMAX;1;0.037;4;25;16.0;23657; ;
11;MINIMAX;2;0.063;4;25;11.0;39749; ;
12;MINIMAX;1;0.044;4;25;16.0;28724; ;
13;MINIMAX;2;0.038;4;24;11.0;24562; ;
14;MINIMAX;1;0.052;4;24;15.0;35230; ;
15;MINIMAX;2;0.085;4;21;13.0;56480; ;
16;MINIMAX;1;0.071;4;23;17.0;49834; ;
17;MINIMAX;2;0.092;4;22;13.0;66134; ;
18;MINIMAX;1;0.06;4;22;14.0;45160; ;
19;MINIMAX;2;0.037;4;20;12.0;25446; ;
20;MINIMAX;1;0.041;4;22;15.0;29663; ;
21;MINIMAX;2;0.06;4;22;13.0;43514; ;
22;MINIMAX;1;0.064;4;24;15.0;47491; ;
23;MINIMAX;2;0.05;4;22;12.0;35603;VITORIA;
1;MINIMAX;1;0.02;4;16;11.0;13602; ;
2;MINIMAX;2;0.029;4;19;12.0;19624; ;
3;MINIMAX;1;0.046;4;20;14.0;31692; ;
4;MINIMAX;2;0.082;4;23;15.0;56038; ;
5;MINIMAX;1;0.072;4;22;14.0;50773; ;
6;MINIMAX;2;0.087;4;26;17.0;61744; ;
7;MINIMAX;1;0.08;4;25;12.0;56794; ;
8;MINIMAX;2;0.075;4;27;19.0;51882; ;
9;MINIMAX;1;0.087;4;26;12.0;62500; ;
10;MINIMAX;2;0.082;4;26;20.0;59568; ;
11;MINIMAX;1;0.112;4;25;13.0;83686; ;
12;MINIMAX;2;0.062;4;26;16.0;44572; ;
13;MINIMAX;1;0.089;4;22;14.0;64746; ;
14;MINIMAX;2;0.077;4;24;16.0;56566; ;
15;MINIMAX;1;0.067;4;22;14.0;49692; ;
16;MINIMAX;2;0.059;4;20;14.0;40905; ;
17;MINIMAX;1;0.044;4;19;13.0;31318; ;
18;MINIMAX;2;0.043;4;21;14.0;30862; ;
19;MINIMAX;1;0.05;4;20;14.0;35891; ;
20;MINIMAX;2;0.041;4;19;13.0;28838; ;
21;MINIMAX;1;0.038;4;20;13.0;27296; ;
22;MINIMAX;2;0.047;4;20;13.0;32293; ;
23;MINIMAX;1;0.072;4;23;15.0;48630; ;
24;MINIMAX;2;0.053;4;22;13.0;37599; ;
25;MINIMAX;1;0.044;4;23;15.0;29830; ;
26;MINIMAX;2;0.049;4;22;12.0;34021; ;
27;MINIMAX;1;0.042;4;24;16.0;28827; ;
28;MINIMAX;2;0.044;4;21;11.0;30810; ;
29;MINIMAX;1;0.03;4;21;14.0;20970; ;
30;MINIMAX;2;0.04;4;19;12.0;25814;EMPATE;
1;MINIMAX;2;0.026;4;16;11.0;13602; ;
2;MINIMAX;1;0.029;4;19;13.0;19638; ;
3;MINIMAX;2;0.051;4;20;14.0;34205; ;
4;MINIMAX;1;0.06;4;20;13.0;41096; ;
5;MINIMAX;2;0.073;4;23;16.0;46937; ;
6;MINIMAX;1;0.065;4;22;12.0;44669; ;
7;MINIMAX;2;0.067;4;26;17.0;46069; ;
8;MINIMAX;1;0.091;4;23;13.0;65951; ;
9;MINIMAX;2;0.063;4;24;17.0;44763; ;
10;MINIMAX;1;0.056;4;23;12.0;41149; ;
11;MINIMAX;2;0.048;4;21;15.0;35384; ;
12;MINIMAX;1;0.051;4;20;12.0;37720; ;
13;MINIMAX;2;0.053;4;24;16.0;38105; ;
14;MINIMAX;1;0.055;4;23;12.0;41456; ;
15;MINIMAX;2;0.061;4;22;15.0;43068; ;
16;MINIMAX;1;0.064;4;21;13.0;46117; ;
17;MINIMAX;2;0.085;4;24;17.0;61485; ;
18;MINIMAX;1;0.111;4;22;14.0;78860; ;
19;MINIMAX;2;0.084;4;23;15.0;60203; ;
20;MINIMAX;1;0.095;4;23;15.0;69554; ;
21;MINIMAX;2;0.077;4;23;16.0;55260; ;
22;MINIMAX;1;0.088;4;22;14.0;61242; ;
23;MINIMAX;2;0.078;4;22;14.0;56089;VITORIA;
1;MINIMAX;1;0.018;4;16;11.0;13602; ;
2;MINIMAX;2;0.029;4;19;13.0;19638; ;
3;MINIMAX;1;0.05;4;20;14.0;34205; ;
4;MINIMAX;2;0.058;4;20;13.0;41096; ;
5;MINIMAX;1;0.067;4;23;16.0;46937; ;
6;MINIMAX;2;0.119;4;23;15.0;84630; ;
7;MINIMAX;1;0.109;4;24;14.0;79159; ;
8;MINIMAX;2;0.089;4;24;16.0;64675; ;
9;MINIMAX;1;0.081;4;22;14.0;56256; ;
10;MINIMAX;2;0.061;4;23;15.0;44707; ;
11;MINIMAX;1;0.057;4;20;13.0;41928; ;
12;MINIMAX;2;0.061;4;24;16.0;42256; ;
13;MINIMAX;1;0.074;4;22;12.0;53058; ;
14;MINIMAX;2;0.088;4;24;16.0;64457; ;
15;MINIMAX;1;0.082;4;23;12.0;58622; ;
16;MINIMAX;2;0.056;4;21;15.0;41985; ;
17;MINIMAX;1;0.044;4;20;11.0;31688; ;
18;MINIMAX;2;0.059;4;24;16.0;43317; ;
19;MINIMAX;1;0.056;4;23;12.0;41415; ;
20;MINIMAX;2;0.06;4;26;17.0;44428; ;
21;MINIMAX;1;0.067;4;26;12.0;49997; ;
22;MINIMAX;2;0.052;4;24;15.0;34844; ;
23;MINIMAX;1;0.057;4;24;12.0;40393;VITORIA;
1;MINIMAX;2;0.021;4;16;11.0;13602; ;
2;MINIMAX;1;0.029;4;19;12.0;19624; ;
3;MINIMAX;2;0.044;4;20;14.0;31692; ;
4;MINIMAX;1;0.082;4;23;15.0;56230; ;
5;MINIMAX;2;0.066;4;22;14.0;49080; ;
6;MINIMAX;1;0.085;4;26;17.0;61744; ;
7;MINIMAX;2;0.078;4;25;12.0;56794; ;
8;MINIMAX;1;0.069;4;27;19.0;51882; ;
9;MINIMAX;2;0.12;4;25;13.0;89079; ;
10;MINIMAX;1;0.083;4;26;17.0;60859; ;
11;MINIMAX;2;0.102;4;25;14.0;76136; ;
12;MINIMAX;1;0.069;4;23;15.0;49557; ;
13;MINIMAX;2;0.078;4;22;15.0;57569; ;
14;MINIMAX;1;0.083;4;24;15.0;56929; ;
15;MINIMAX;2;0.083;4;24;15.0;60599; ;
16;MINIMAX;1;0.057;4;22;14.0;40761; ;
17;MINIMAX;2;0.052;4;21;13.0;34456; ;
18;MINIMAX;1;0.036;4;20;13.0;24520; ;
19;MINIMAX;2;0.052;4;21;14.0;36958; ;
20;MINIMAX;1;0.05;4;21;13.0;35414; ;
21;MINIMAX;2;0.036;4;21;13.0;24808; ;
22;MINIMAX;1;0.06;4;23;15.0;40521; ;
23;MINIMAX;2;0.071;4;23;13.0;51226; ;
24;MINIMAX;1;0.061;4;20;15.0;42541; ;
25;MINIMAX;2;0.08;4;22;14.0;55232; ;
26;MINIMAX;1;0.084;4;23;16.0;60236; ;
27;MINIMAX;2;0.068;4;22;14.0;48885; ;
28;MINIMAX;1;0.065;4;23;16.0;46505; ;
29;MINIMAX;2;0.07;4;21;14.0;50526; ;
30;MINIMAX;1;0.048;4;22;14.0;34569;EMPATE;
1;MINIMAX;1;0.021;4;16;11.0;13602; ;
2;MINIMAX;2;0.03;4;19;13.0;19638; ;
3;MINIMAX;1;0.049;4;20;14.0;34205; ;
4;MINIMAX;2;0.06;4;21;13.0;42734; ;
5;MINIMAX;1;0.065;4;23;15.0;45274; ;
6;MINIMAX;2;0.096;4;22;16.0;69084; ;
7;MINIMAX;1;0.066;4;21;13.0;47826; ;
8;MINIMAX;2;0.052;4;21;14.0;37036; ;
9;MINIMAX;1;0.043;4;20;12.0;31000; ;
10;MINIMAX;2;0.058;4;23;16.0;40346; ;
11;MINIMAX;1;0.111;4;23;14.0;79361; ;
12;MINIMAX;2;0.122;4;25;16.0;84921; ;
13;MINIMAX;1;0.092;4;22;15.0;68790; ;
14;MINIMAX;2;0.06;4;24;15.0;42988; ;
15;MINIMAX;1;0.051;4;21;13.0;37654; ;
16;MINIMAX;2;0.032;4;19;12.0;21604; ;
17;MINIMAX;1;0.045;4;21;13.0;29674; ;
18;MINIMAX;2;0.06;4;21;13.0;43026; ;
19;MINIMAX;1;0.051;4;21;14.0;35467; ;
20;MINIMAX;2;0.042;4;18;13.0;26319; ;
21;MINIMAX;1;0.05;4;22;14.0;32869; ;
22;MINIMAX;2;0.055;4;19;13.0;30316; ;
23;MINIMAX;1;0.055;4;20;14.0;32951; ;
24;MINIMAX;2;0.05;4;19;13.0;32500; ;
25;MINIMAX;1;0.05;4;22;14.0;32869; ;
26;MINIMAX;2;0.044;4;19;13.0;30316; ;
27;MINIMAX;1;0.048;4;20;14.0;32951; ;
28;MINIMAX;2;0.05;4;19;13.0;32500; ;
29;MINIMAX;1;0.049;4;22;14.0;32869; ;
30;MINIMAX;2;0.046;4;19;13.0;30316;EMPATE;
1;MINIMAX;2;0.02;4;16;11.0;13602; ;
2;MINIMAX;1;0.028;4;19;13.0;19638; ;
3;MINIMAX;2;0.048;4;20;14.0;34205; ;
4;MINIMAX;1;0.058;4;20;13.0;41096; ;
5;MINIMAX;2;0.067;4;23;16.0;46937; ;
6;MINIMAX;1;0.07;4;23;12.0;51026; ;
7;MINIMAX;2;0.058;4;20;15.0;40018; ;
8;MINIMAX;1;0.042;4;19;12.0;29666; ;
9;MINIMAX;2;0.031;4;18;12.0;21796; ;
10;MINIMAX;1;0.047;4;20;13.0;32856; ;
11;MINIMAX;2;0.041;4;19;13.0;26432; ;
12;MINIMAX;1;0.048;4;21;13.0;32452; ;
13;MINIMAX;2;0.046;4;20;13.0;31172; ;
14;MINIMAX;1;0.054;4;22;14.0;37337; ;
15;MINIMAX;2;0.08;4;23;16.0;54624; ;
16;MINIMAX;1;0.067;4;20;13.0;46163; ;
17;MINIMAX;2;0.044;4;20;13.0;31172; ;
18;MINIMAX;1;0.044;4;22;15.0;30710; ;
19;MINIMAX;2;0.064;4;22;12.0;45286; ;
20;MINIMAX;1;0.055;4;22;15.0;40124; ;
21;MINIMAX;2;0.086;4;22;14.0;59956;VITORIA;
1;MINIMAX;1;0.021;4;16;11.0;13602; ;
2;MINIMAX;2;0.029;4;19;12.0;19624; ;
3;MINIMAX;1;0.049;4;20;14.0;31692; ;
4;MINIMAX;2;0.082;4;23;15.0;56038; ;
5;MINIMAX;1;0.072;4;22;14.0;50773; ;
6;MINIMAX;2;0.089;4;26;17.0;61744; ;
7;MINIMAX;1;0.078;4;25;12.0;56794; ;
8;MINIMAX;2;0.074;4;27;19.0;51882; ;
9;MINIMAX;1;0.087;4;26;12.0;62500; ;
10;MINIMAX;2;0.081;4;26;20.0;59568; ;
11;MINIMAX;1;0.115;4;25;13.0;83686; ;
12;MINIMAX;2;0.064;4;26;16.0;44572; ;
13;MINIMAX;1;0.087;4;22;14.0;64746; ;
14;MINIMAX;2;0.088;4;24;16.0;65689; ;
15;MINIMAX;1;0.066;4;23;13.0;48221; ;
16;MINIMAX;2;0.044;4;21;14.0;32058; ;
17;MINIMAX;1;0.064;4;20;14.0;46163; ;
18;MINIMAX;2;0.078;4;24;16.0;57632; ;
19;MINIMAX;1;0.059;4;23;12.0;42505; ;
20;MINIMAX;2;0.052;4;25;17.0;37056; ;
21;MINIMAX;1;0.058;4;22;12.0;40567; ;
22;MINIMAX;2;0.034;4;22;15.0;23934; ;
23;MINIMAX;1;0.076;4;22;14.0;53607; ;
24;MINIMAX;2;0.034;4;20;13.0;23913; ;
25;MINIMAX;1;0.028;4;19;12.0;20660; ;
26;MINIMAX;2;0.045;4;22;13.0;30937; ;
27;MINIMAX;1;0.035;4;20;13.0;24467; ;
28;MINIMAX;2;0.026;4;22;13.0;18061; ;
29;MINIMAX;1;0.034;4;21;12.0;23305; ;
30;MINIMAX;2;0.031;4;20;13.0;20366;EMPATE;
1;MINIMAX;2;0.021;4;16;11.0;13602; ;
2;MINIMAX;1;0.03;4;19;13.0;19638; ;
3;MINIMAX;2;0.052;4;20;14.0;34205; ;
4;MINIMAX;1;0.06;4;20;13.0;41096; ;
5;MINIMAX;2;0.071;4;23;16.0;46937; ;
6;MINIMAX;1;0.072;4;23;12.0;51026; ;
7;MINIMAX;2;0.055;4;20;15.0;40018; ;
8;MINIMAX;1;0.063;4;20;13.0;45787; ;
9;MINIMAX;2;0.075;4;23;16.0;55836; ;
10;MINIMAX;1;0.115;4;23;15.0;83830; ;
11;MINIMAX;2;0.13;4;24;17.0;95890; ;
12;MINIMAX;1;0.111;4;24;15.0;82793;VITORIA;
1;MINIMAX;1;0.02;4;16;11.0;13602; ;
2;MINIMAX;2;0.028;4;19;13.0;19638; ;
3;MINIMAX;1;0.05;4;20;14.0;34205; ;
4;MINIMAX;2;0.06;4;21;13.0;42734; ;
5;MINIMAX;1;0.062;4;23;15.0;45274; ;
6;MINIMAX;2;0.096;4;22;16.0;69084; ;
7;MINIMAX;1;0.066;4;21;13.0;47826; ;
8;MINIMAX;2;0.053;4;21;14.0;37036; ;
9;MINIMAX;1;0.046;4;20;12.0;31000; ;
10;MINIMAX;2;0.059;4;23;16.0;40346; ;
11;MINIMAX;1;0.114;4;23;14.0;79361; ;
12;MINIMAX;2;0.116;4;25;16.0;84921; ;
13;MINIMAX;1;0.099;4;22;15.0;68790; ;
14;MINIMAX;2;0.064;4;24;15.0;42988; ;
15;MINIMAX;1;0.052;4;21;13.0;37654; ;
16;MINIMAX;2;0.032;4;19;12.0;21604; ;
17;MINIMAX;1;0.04;4;21;13.0;29674; ;
18;MINIMAX;2;0.051;4;20;14.0;35579; ;
19;MINIMAX;1;0.037;4;19;13.0;25922; ;
20;MINIMAX;2;0.037;4;20;13.0;26232; ;
21;MINIMAX;1;0.045;4;19;13.0;32045; ;
22;MINIMAX;2;0.05;4;23;14.0;35144; ;
23;MINIMAX;1;0.051;4;22;14.0;36079; ;
24;MINIMAX;2;0.039;4;20;13.0;26232; ;
25;MINIMAX;1;0.046;4;19;13.0;32045; ;
26;MINIMAX;2;0.053;4;23;14.0;35144; ;
27;MINIMAX;1;0.049;4;22;14.0;36079; ;
28;MINIMAX;2;0.037;4;20;13.0;26232; ;
29;MINIMAX;1;0.046;4;19;13.0;32045; ;
30;MINIMAX;2;0.049;4;23;14.0;35144;EMPATE;
1;MINIMAX;2;0.02;4;16;11.0;13602; ;
2;MINIMAX;1;0.029;4;19;12.0;19624; ;
3;MINIMAX;2;0.047;4;20;14.0;31692; ;
4;MINIMAX;1;0.079;4;23;15.0;56038; ;
5;MINIMAX;2;0.072;4;22;14.0;50773; ;
6;MINIMAX;1;0.087;4;26;17.0;61744; ;
7;MINIMAX;2;0.08;4;25;12.0;56794; ;
8;MINIMAX;1;0.075;4;27;19.0;51882; ;
9;MINIMAX;2;0.068;4;26;10.0;50839; ;
10;MINIMAX;1;0.032;4;25;16.0;23657; ;
11;MINIMAX;2;0.055;4;25;11.0;39749; ;
12;MINIMAX;1;0.055;4;26;17.0;39437; ;
13;MINIMAX;2;0.044;4;25;11.0;32380; ;
14;MINIMAX;1;0.034;4;26;17.0;23786; ;
15;MINIMAX;2;0.067;4;26;12.0;48433; ;
16;MINIMAX;1;0.044;4;25;16.0;30448; ;
17;MINIMAX;2;0.054;4;25;11.0;38080; ;
18;MINIMAX;1;0.031;4;25;17.0;21949; ;
19;MINIMAX;2;0.087;4;23;12.0;63549; ;
20;MINIMAX;1;0.05;4;23;16.0;35668; ;
21;MINIMAX;2;0.065;4;20;13.0;46676; ;
22;MINIMAX;1;0.054;4;21;15.0;38862; ;
23;MINIMAX;2;0.06;4;23;15.0;40861; ;
24;MINIMAX;1;0.07;4;20;13.0;49949; ;
25;MINIMAX;2;0.051;4;25;16.0;36175; ;
26;MINIMAX;1;0.072;4;22;12.0;51585; ;
27;MINIMAX;2;0.048;4;23;14.0;33350; ;
28;MINIMAX;1;0.06;4;22;14.0;44082; ;
29;MINIMAX;2;0.058;4;22;14.0;39725; ;
30;MINIMAX;1;0.05;4;20;13.0;33047;EMPATE;
1;MINIMAX;1;0.022;4;16;11.0;13602; ;
2;MINIMAX;2;0.029;4;19;13.0;19638; ;
3;MINIMAX;1;0.051;4;20;14.0;34205; ;
4;MINIMAX;2;0.06;4;20;13.0;41096; ;
5;MINIMAX;1;0.069;4;23;16.0;46937; ;
6;MINIMAX;2;0.118;4;23;15.0;84630; ;
7;MINIMAX;1;0.091;4;22;16.0;64392; ;
8;MINIMAX;2;0.112;4;25;17.0;81501; ;
9;MINIMAX;1;0.097;4;22;14.0;72159; ;
10;MINIMAX;2;0.076;4;23;15.0;56738; ;
11;MINIMAX;1;0.072;4;23;13.0;51660; ;
12;MINIMAX;2;0.069;4;26;17.0;47856; ;
13;MINIMAX;1;0.095;4;25;12.0;69388; ;
14;MINIMAX;2;0.049;4;25;16.0;35604; ;
15;MINIMAX;1;0.058;4;22;12.0;40983; ;
16;MINIMAX;2;0.051;4;26;16.0;37507; ;
17;MINIMAX;1;0.05;4;26;11.0;36205; ;
18;MINIMAX;2;0.033;4;23;15.0;21783; ;
19;MINIMAX;1;0.051;4;20;12.0;34697; ;
20;MINIMAX;2;0.062;4;23;15.0;43809; ;
21;MINIMAX;1;0.08;4;21;14.0;56729;VITORIA;
1;MINIMAX;2;0.02;4;16;11.0;13602; ;
2;MINIMAX;1;0.03;4;19;12.0;19624; ;
3;MINIMAX;2;0.048;4;20;14.0;31692; ;
4;MINIMAX;1;0.08;4;23;15.0;56230; ;
5;MINIMAX;2;0.071;4;22;14.0;49080; ;
6;MINIMAX;1;0.089;4;26;17.0;61744; ;
7;MINIMAX;2;0.078;4;25;12.0;56794; ;
8;MINIMAX;1;0.07;4;27;19.0;51882; ;
9;MINIMAX;2;0.123;4;25;13.0;89079; ;
10;MINIMAX;1;0.082;4;26;17.0;60859; ;
11;MINIMAX;2;0.106;4;25;14.0;76136; ;
12;MINIMAX;1;0.068;4;23;15.0;49557; ;
13;MINIMAX;2;0.077;4;22;15.0;57569; ;
14;MINIMAX;1;0.079;4;24;15.0;56929; ;
15;MINIMAX;2;0.064;4;21;14.0;46583; ;
16;MINIMAX;1;0.07;4;23;15.0;50720; ;
17;MINIMAX;2;0.054;4;22;11.0;37603; ;
18;MINIMAX;1;0.035;4;24;16.0;22269; ;
19;MINIMAX;2;0.041;4;24;10.0;25988; ;
20;MINIMAX;1;0.02;4;23;14.0;13609; ;
21;MINIMAX;2;0.024;4;20;10.0;16352; ;
22;MINIMAX;1;0.017;4;18;13.0;11803; ;
23;MINIMAX;2;0.027;4;18;10.0;18484; ;
24;MINIMAX;1;0.017;4;17;13.0;11515; ;
25;MINIMAX;2;0.017;4;17;8.0;11811; ;
26;MINIMAX;1;0.014;4;17;12.0;9115; ;
27;MINIMAX;2;0.007;4;15;8.0;5101; ;
28;MINIMAX;1;0.008;4;20;12.0;5624; ;
29;MINIMAX;2;0.018;4;18;9.0;12314; ;
30;MINIMAX;1;0.026;4;25;14.0;15965;EMPATE;
1;MINIMAX;1;0.02;4;16;11.0;13602; ;
2;MINIMAX;2;0.03;4;19;12.0;19624; ;
3;MINIMAX;1;0.048;4;20;14.0;31692; ;
4;MINIMAX;2;0.081;4;23;15.0;56038; ;
5;MINIMAX;1;0.074;4;22;14.0;50773; ;
6;MINIMAX;2;0.086;4;26;17.0;61744; ;
7;MINIMAX;1;0.078;4;25;12.0;56794; ;
8;MINIMAX;2;0.071;4;27;19.0;51882; ;
9;MINIMAX;1;0.087;4;26;12.0;62500; ;
10;MINIMAX;2;0.044;4;25;16.0;30717; ;
11;MINIMAX;1;0.044;4;24;11.0;31821; ;
12;MINIMAX;2;0.039;4;22;14.0;27717; ;
13;MINIMAX;1;0.073;4;21;13.0;50307; ;
14;MINIMAX;2;0.056;4;22;15.0;40810; ;
15;MINIMAX;1;0.048;4;22;12.0;35650; ;
16;MINIMAX;2;0.053;4;21;15.0;40319; ;
17;MINIMAX;1;0.045;4;21;12.0;32493;VITORIA;
1;MINIMAX;2;0.02;4;16;11.0;13602; ;
2;MINIMAX;1;0.028;4;19;13.0;19638; ;
3;MINIMAX;2;0.049;4;20;14.0;34205; ;
4;MINIMAX;1;0.059;4;20;13.0;41096; ;
5;MINIMAX;2;0.065;4;23;16.0;46937; ;
6;MINIMAX;1;0.062;4;22;12.0;44669; ;
7;MINIMAX;2;0.075;4;26;17.0;46069; ;
8;MINIMAX;1;0.094;4;23;13.0;65951; ;
9;MINIMAX;2;0.061;4;24;17.0;44763; ;
10;MINIMAX;1;0.069;4;24;12.0;48552; ;
11;MINIMAX;2;0.051;4;21;15.0;36448; ;
12;MINIMAX;1;0.063;4;23;14.0;45519; ;
13;MINIMAX;2;0.071;4;22;14.0;52118; ;
14;MINIMAX;1;0.055;4;20;14.0;37665; ;
15;MINIMAX;2;0.038;4;20;13.0;26397; ;
16;MINIMAX;1;0.038;4;22;14.0;27786; ;
17;MINIMAX;2;0.05;4;21;13.0;35274; ;
18;MINIMAX;1;0.062;4;26;17.0;44390; ;
19;MINIMAX;2;0.063;4;21;12.0;45074; ;
20;MINIMAX;1;0.039;4;22;14.0;27786; ;
21;MINIMAX;2;0.052;4;21;13.0;35274; ;
22;MINIMAX;1;0.063;4;26;17.0;44390; ;
23;MINIMAX;2;0.061;4;21;12.0;45074; ;
24;MINIMAX;1;0.04;4;22;14.0;27786; ;
25;MINIMAX;2;0.051;4;21;13.0;35274; ;
26;MINIMAX;1;0.061;4;26;17.0;44390; ;
27;MINIMAX;2;0.062;4;21;12.0;45074; ;
28;MINIMAX;1;0.04;4;22;14.0;27786; ;
29;MINIMAX;2;0.051;4;21;13.0;35274; ;
30;MINIMAX;1;0.064;4;26;17.0;44390;EMPATE;
1;MINIMAX;1;0.022;4;16;11.0;13602; ;
2;MINIMAX;2;0.028;4;19;13.0;19638; ;
3;MINIMAX;1;0.05;4;20;14.0;34205; ;
4;MINIMAX;2;0.062;4;21;13.0;42734; ;
5;MINIMAX;1;0.069;4;23;15.0;45274; ;
6;MINIMAX;2;0.096;4;22;16.0;69084; ;
7;MINIMAX;1;0.065;4;21;13.0;47826; ;
8;MINIMAX;2;0.053;4;21;14.0;37036; ;
9;MINIMAX;1;0.043;4;20;12.0;31000; ;
10;MINIMAX;2;0.056;4;23;16.0;40346; ;
11;MINIMAX;1;0.108;4;23;14.0;79361; ;
12;MINIMAX;2;0.118;4;25;16.0;84921; ;
13;MINIMAX;1;0.092;4;22;15.0;68790; ;
14;MINIMAX;2;0.06;4;24;15.0;42988; ;
15;MINIMAX;1;0.051;4;21;13.0;37654; ;
16;MINIMAX;2;0.032;4;19;12.0;21604; ;
17;MINIMAX;1;0.042;4;21;13.0;29674; ;
18;MINIMAX;2;0.062;4;21;13.0;43026; ;
19;MINIMAX;1;0.058;4;21;14.0;35467; ;
20;MINIMAX;2;0.044;4;18;13.0;26319; ;
21;MINIMAX;1;0.052;4;22;14.0;32869; ;
22;MINIMAX;2;0.049;4;19;13.0;30316; ;
23;MINIMAX;1;0.05;4;20;14.0;32951; ;
24;MINIMAX;2;0.048;4;19;13.0;32500; ;
25;MINIMAX;1;0.047;4;22;14.0;32869; ;
26;MINIMAX;2;0.042;4;19;13.0;30316; ;
27;MINIMAX;1;0.044;4;20;14.0;32951; ;
28;MINIMAX;2;0.043;4;19;13.0;32500; ;
29;MINIMAX;1;0.044;4;22;14.0;32869; ;
30;MINIMAX;2;0.04;4;19;13.0;30316;EMPATE;
1;MINIMAX;2;0.019;4;16;11.0;13602; ;
2;MINIMAX;1;0.027;4;19;12.0;19624; ;
3;MINIMAX;2;0.044;4;20;14.0;31692; ;
4;MINIMAX;1;0.076;4;23;15.0;56038; ;
5;MINIMAX;2;0.07;4;22;14.0;50773; ;
6;MINIMAX;1;0.086;4;26;17.0;61744; ;
7;MINIMAX;2;0.078;4;25;12.0;56794; ;
8;MINIMAX;1;0.078;4;27;19.0;51882; ;
9;MINIMAX;2;0.074;4;26;10.0;50839; ;
10;MINIMAX;1;0.04;4;25;16.0;23657; ;
11;MINIMAX;2;0.056;4;25;11.0;39749; ;
12;MINIMAX;1;0.043;4;25;16.0;28724; ;
13;MINIMAX;2;0.039;4;24;11.0;24526; ;
14;MINIMAX;1;0.051;4;23;15.0;29724; ;
15;MINIMAX;2;0.071;4;20;13.0;47536; ;
16;MINIMAX;1;0.061;4;23;16.0;40940; ;
17;MINIMAX;2;0.101;4;22;14.0;69039; ;
18;MINIMAX;1;0.071;4;22;15.0;50691; ;
19;MINIMAX;2;0.059;4;22;13.0;41082; ;
20;MINIMAX;1;0.043;4;22;13.0;29936; ;
21;MINIMAX;2;0.035;4;19;13.0;22163;VITORIA;
1;MINIMAX;1;0.021;4;16;11.0;13602; ;
2;MINIMAX;2;0.033;4;19;13.0;19638; ;
3;MINIMAX;1;0.053;4;20;14.0;34205; ;
4;MINIMAX;2;0.067;4;20;13.0;41096; ;
5;MINIMAX;1;0.07;4;23;16.0;46937; ;
6;MINIMAX;2;0.125;4;23;15.0;84630; ;
7;MINIMAX;1;0.114;4;24;14.0;79159; ;
8;MINIMAX;2;0.091;4;24;16.0;64675; ;
9;MINIMAX;1;0.059;4;23;13.0;41718; ;
10;MINIMAX;2;0.057;4;21;15.0;40019; ;
11;MINIMAX;1;0.05;4;21;11.0;34545; ;
12;MINIMAX;2;0.049;4;25;16.0;32916; ;
13;MINIMAX;1;0.053;4;21;12.0;37788; ;
14;MINIMAX;2;0.045;4;23;14.0;32686; ;
15;MINIMAX;1;0.041;4;20;13.0;28637; ;
16;MINIMAX;2;0.044;4;20;14.0;31525; ;
17;MINIMAX;1;0.045;4;20;14.0;30649; ;
18;MINIMAX;2;0.052;4;22;14.0;35507; ;
19;MINIMAX;1;0.062;4;22;13.0;41165; ;
20;MINIMAX;2;0.04;4;20;13.0;27723; ;
21;MINIMAX;1;0.032;4;18;12.0;21951; ;
22;MINIMAX;2;0.045;4;24;15.0;31086; ;
23;MINIMAX;1;0.072;4;22;13.0;41165; ;
24;MINIMAX;2;0.049;4;20;13.0;27723; ;
25;MINIMAX;1;0.04;4;19;13.0;26877; ;
26;MINIMAX;2;0.059;4;23;14.0;39065; ;
27;MINIMAX;1;0.049;4;20;14.0;34372; ;
28;MINIMAX;2;0.055;4;22;14.0;39599; ;
29;MINIMAX;1;0.062;4;22;13.0;44176; ;
30;MINIMAX;2;0.079;4;23;15.0;55207;EMPATE;
1;MINIMAX;2;0.019;4;16;11.0;13602; ;
2;MINIMAX;1;0.028;4;19;13.0;19638; ;
3;MINIMAX;2;0.048;4;20;14.0;34205; ;
4;MINIMAX;1;0.06;4;21;13.0;42734; ;
5;MINIMAX;2;0.062;4;23;15.0;45274; ;
6;MINIMAX;1;0.093;4;22;16.0;69084; ;
7;MINIMAX;2;0.065;4;21;13.0;47826; ;
8;MINIMAX;1;0.051;4;21;14.0;37036; ;
9;MINIMAX;2;0.043;4;20;12.0;31000; ;
10;MINIMAX;1;0.057;4;23;16.0;40346; ;
11;MINIMAX;2;0.057;4;21;12.0;40645; ;
12;MINIMAX;1;0.03;4;20;14.0;21690; ;
13;MINIMAX;2;0.042;4;20;13.0;28794; ;
14;MINIMAX;1;0.039;4;20;13.0;27502; ;
15;MINIMAX;2;0.053;4;21;14.0;37639; ;
16;MINIMAX;1;0.071;4;21;14.0;48641; ;
17;MINIMAX;2;0.067;4;22;15.0;48177; ;
18;MINIMAX;1;0.055;4;21;14.0;41197; ;
19;MINIMAX;2;0.057;4;21;14.0;39460; ;
20;MINIMAX;1;0.065;4;20;14.0;44040; ;
21;MINIMAX;2;0.064;4;23;16.0;45064; ;
22;MINIMAX;1;0.069;4;22;14.0;49852; ;
23;MINIMAX;2;0.054;4;21;14.0;38012;VITORIA;
